sido,sigungu,age,2019,2020,2021,2022,2023,2024,2025
전국,,합계,805272,1279305,1015171,508790,555054,642576,726111
전국,,20대이하,35270,61919,63028,30405,25250,24090,26181
전국,,30대,163054,272657,210671,92447,126713,149344,178288
전국,,40대,209347,323223,232286,107582,131872,155310,174574
전국,,50대,182216,270393,206832,113422,126199,145021,157936
전국,,60대,107586,174816,147665,81113,87024,103227,113934
전국,,70대이상,45880,77609,70700,36310,35423,44466,53639
전국,,기타,61919,98688,83989,47511,22573,21118,21559
서울,,합계,131379,177757,126834,56007,64361,93418,126806
서울,,20대이하,5187,8917,9147,4565,3217,3513,4591
서울,,30대,28821,44023,31246,10963,16796,24894,36760
서울,,40대,32441,41274,26719,9983,15502,25133,34002
서울,,50대,27196,33833,21978,9700,12175,18591,23166
서울,,60대,16805,22054,14392,6294,7366,11046,13976
서울,,70대이상,7740,10364,8070,3536,3431,5605,8095
서울,,기타,13189,17292,15282,10966,5874,4636,6216
서울,종로구,합계,1775,2415,1972,946,918,1224,1563
서울,종로구,20대이하,70,128,124,70,36,48,63
서울,종로구,30대,285,468,399,158,161,239,362
서울,종로구,40대,423,558,422,218,190,272,383
서울,종로구,50대,482,541,426,174,240,287,321
서울,종로구,60대,230,322,231,145,128,192,213
서울,종로구,70대이상,96,155,106,63,74,93,139
서울,종로구,기타,189,243,264,118,89,93,82
서울,중구,합계,1607,1964,1327,712,940,1306,2018
서울,중구,20대이하,64,75,95,77,54,48,60
서울,중구,30대,373,579,396,150,236,391,664
서울,중구,40대,321,425,258,123,191,311,465
서울,중구,50대,348,315,211,88,178,253,363
서울,중구,60대,222,211,115,70,123,140,240
서울,중구,70대이상,82,123,73,28,51,82,115
서울,중구,기타,197,236,179,176,107,81,111
서울,용산구,합계,3490,4085,3323,1305,1415,2311,3220
서울,용산구,20대이하,168,217,236,95,82,113,138
서울,용산구,30대,697,949,833,290,339,608,885
서울,용산구,40대,846,1001,729,269,377,618,841
서울,용산구,50대,865,936,734,278,305,537,676
서울,용산구,60대,469,472,381,133,167,255,348
서울,용산구,70대이상,140,166,177,81,56,89,147
서울,용산구,기타,305,344,233,159,89,91,185
서울,성동구,합계,4406,4759,2613,1195,2083,3504,5745
서울,성동구,20대이하,109,143,155,90,84,108,140
서울,성동구,30대,1359,1837,958,243,776,1312,2074
서울,성동구,40대,1008,1132,651,204,463,976,1724
서울,성동구,50대,729,778,362,138,362,608,908
서울,성동구,60대,369,407,178,96,178,251,365
서울,성동구,70대이상,175,167,118,46,73,141,190
서울,성동구,기타,657,295,191,378,147,108,344
서울,광진구,합계,4018,4792,3813,1840,1914,3371,4991
서울,광진구,20대이하,137,212,253,130,87,154,183
서울,광진구,30대,783,852,746,323,409,775,1122
서울,광진구,40대,1062,1054,790,276,448,850,1259
서울,광진구,50대,941,1061,722,347,390,712,1082
서울,광진구,60대,541,662,514,243,268,411,638
서울,광진구,70대이상,257,302,288,147,102,167,282
서울,광진구,기타,297,649,500,374,210,302,425
서울,동대문구,합계,4757,5944,3549,1552,2272,3489,5493
서울,동대문구,20대이하,177,206,230,131,107,100,161
서울,동대문구,30대,1121,1729,1040,325,724,1046,1762
서울,동대문구,40대,989,1379,694,252,564,875,1351
서울,동대문구,50대,997,1068,591,299,397,670,914
서울,동대문구,60대,593,682,416,170,195,392,558
서울,동대문구,70대이상,319,368,219,90,96,226,326
서울,동대문구,기타,561,512,359,285,189,180,421
서울,중랑구,합계,4688,6596,5716,2669,2250,3420,4304
서울,중랑구,20대이하,164,272,412,224,126,150,170
서울,중랑구,30대,815,1392,1238,435,510,800,1041
서울,중랑구,40대,1030,1239,977,427,449,670,823
서울,중랑구,50대,1084,1431,1045,448,451,730,787
서울,중랑구,60대,754,1062,806,338,340,496,568
서울,중랑구,70대이상,324,455,433,182,122,207,295
서울,중랑구,기타,517,745,805,615,252,367,620
서울,성북구,합계,7085,9554,5852,2588,3186,4455,6161
서울,성북구,20대이하,302,515,392,134,143,136,200
서울,성북구,30대,1617,2527,1651,451,896,1324,2069
서울,성북구,40대,1725,2227,1285,349,673,1177,1615
서울,성북구,50대,1312,1838,1042,369,604,899,1086
서울,성북구,60대,863,1106,590,220,329,535,628
서울,성북구,70대이상,403,585,337,145,163,253,355
서울,성북구,기타,863,756,555,920,378,131,208
서울,강북구,합계,3837,7772,5743,2365,2347,2653,2957
서울,강북구,20대이하,148,413,400,198,118,105,122
서울,강북구,30대,638,1475,1002,377,402,497,660
서울,강북구,40대,837,1639,1034,355,428,529,577
서울,강북구,50대,854,1495,1196,471,498,598,638
서울,강북구,60대,621,1011,840,320,369,469,467
서울,강북구,70대이상,267,580,420,158,138,234,256
서울,강북구,기타,472,1159,851,486,394,221,237
서울,도봉구,합계,4583,7816,6522,2131,2137,2855,3058
서울,도봉구,20대이하,205,407,504,152,110,100,124
서울,도봉구,30대,906,1601,1179,344,490,590,651
서울,도봉구,40대,1023,1696,1138,346,470,679,679
서울,도봉구,50대,1084,1746,1177,433,453,641,648
서울,도봉구,60대,709,1266,881,316,342,489,540
서울,도봉구,70대이상,321,615,512,169,140,246,348
서울,도봉구,기타,335,485,1131,371,132,110,68
서울,노원구,합계,8314,11827,5895,1554,3160,4738,6238
서울,노원구,20대이하,375,752,455,138,224,184,271
서울,노원구,30대,1999,3481,2078,477,927,1400,2041
서울,노원구,40대,2397,3228,1420,313,862,1359,1670
서울,노원구,50대,1561,2198,856,261,632,924,1119
서울,노원구,60대,944,1224,564,157,311,539,645
서울,노원구,70대이상,422,590,283,86,145,244,388
서울,노원구,기타,616,354,239,122,59,88,104
서울,은평구,합계,7390,12510,9162,3979,3873,5186,6255
서울,은평구,20대이하,410,846,831,356,184,199,284
서울,은평구,30대,1342,2547,1997,717,793,1160,1624
서울,은평구,40대,1567,2540,1758,708,791,1176,1319
서울,은평구,50대,1644,2474,1715,804,807,1132,1312
서울,은평구,60대,1226,1953,1306,541,564,745,933
서울,은평구,70대이상,586,987,788,323,277,444,582
서울,은평구,기타,615,1163,767,530,457,330,201
서울,서대문구,합계,4904,6197,3965,1528,2274,3479,4653
서울,서대문구,20대이하,177,300,292,134,114,131,150
서울,서대문구,30대,1175,1682,1134,378,664,1041,1577
서울,서대문구,40대,1100,1428,889,273,516,905,1316
서울,서대문구,50대,969,1116,669,260,399,684,766
서울,서대문구,60대,596,702,432,163,241,366,438
서울,서대문구,70대이상,299,346,237,89,93,206,266
서울,서대문구,기타,588,623,312,231,247,146,140
서울,마포구,합계,5200,6618,4646,2350,2797,4248,6378
서울,마포구,20대이하,277,437,439,238,168,196,227
서울,마포구,30대,1397,1880,1336,553,843,1249,1992
서울,마포구,40대,1353,1614,976,405,680,1211,1842
서울,마포구,50대,1027,1260,744,406,533,894,1197
서울,마포구,60대,577,635,388,217,267,412,554
서울,마포구,70대이상,226,268,225,110,116,174,251
서울,마포구,기타,343,524,538,421,190,112,315
서울,양천구,합계,6618,9136,6253,2423,2872,4258,6093
서울,양천구,20대이하,268,587,569,281,149,183,330
서울,양천구,30대,1403,1998,1487,554,714,1070,1662
서울,양천구,40대,2005,2420,1509,529,877,1378,2035
서울,양천구,50대,1405,1780,1105,438,520,805,1034
서울,양천구,60대,782,1062,727,277,319,474,637
서울,양천구,70대이상,293,472,376,154,155,219,309
서울,양천구,기타,462,817,480,190,138,129,86
서울,강서구,합계,7902,12394,9583,4863,4175,5634,7310
서울,강서구,20대이하,373,637,787,561,270,287,272
서울,강서구,30대,1846,3654,2768,1116,1219,1638,2347
서울,강서구,40대,1966,2889,2223,930,926,1362,1791
서울,강서구,50대,1595,2120,1632,893,800,1055,1216
서울,강서구,60대,1098,1514,1118,621,533,737,795
서울,강서구,70대이상,394,586,539,328,245,334,538
서울,강서구,기타,630,994,516,414,182,221,351
서울,구로구,합계,6036,9137,6225,3038,2653,3539,4964
서울,구로구,20대이하,243,455,454,198,123,141,180
서울,구로구,30대,1374,2408,1661,505,767,1006,1537
서울,구로구,40대,1288,1897,1049,474,520,830,1103
서울,구로구,50대,1082,1607,932,427,491,739,807
서울,구로구,60대,742,1191,649,302,332,468,565
서울,구로구,70대이상,361,581,334,175,143,247,308
서울,구로구,기타,946,998,1146,957,277,108,464
서울,금천구,합계,3876,4245,3871,2152,1521,1828,2061
서울,금천구,20대이하,161,196,248,174,94,100,108
서울,금천구,30대,615,725,777,384,344,479,503
서울,금천구,40대,695,784,678,320,301,332,458
서울,금천구,50대,791,831,810,389,340,419,419
서울,금천구,60대,471,564,477,265,217,307,304
서울,금천구,70대이상,206,263,238,102,68,118,129
서울,금천구,기타,937,882,643,518,157,73,140
서울,영등포구,합계,4505,5960,3637,1715,2802,3972,5691
서울,영등포구,20대이하,193,290,269,103,121,134,190
서울,영등포구,30대,1231,1816,1111,347,809,1285,2123
서울,영등포구,40대,958,1230,716,283,563,1015,1436
서울,영등포구,50대,857,1045,575,284,454,779,954
서울,영등포구,60대,565,778,331,148,238,414,515
서울,영등포구,70대이상,227,272,196,71,117,186,291
서울,영등포구,기타,474,529,439,479,500,159,182
서울,동작구,합계,5139,6711,5073,2147,2767,4313,6800
서울,동작구,20대이하,175,313,301,192,186,190,230
서울,동작구,30대,1267,1734,1224,466,786,1274,2153
서울,동작구,40대,1145,1486,984,340,619,1106,1774
서울,동작구,50대,1030,1182,835,364,505,822,1158
서울,동작구,60대,590,749,542,208,305,520,691
서울,동작구,70대이상,343,393,375,137,170,289,473
서울,동작구,기타,589,854,812,440,196,112,321
서울,관악구,합계,5500,6746,5386,2677,2732,3337,4383
서울,관악구,20대이하,260,388,434,238,142,139,185
서울,관악구,30대,1174,1615,1326,531,573,800,1278
서울,관악구,40대,1376,1381,1018,446,483,715,952
서울,관악구,50대,1196,1443,1031,492,491,701,858
서울,관악구,60대,809,1018,684,344,333,439,532
서울,관악구,70대이상,382,469,377,209,162,230,317
서울,관악구,기타,303,432,516,417,548,313,261
서울,서초구,합계,4807,6078,5009,2103,2429,4322,4776
서울,서초구,20대이하,164,224,306,155,97,140,159
서울,서초구,30대,1039,1388,1196,451,638,999,1095
서울,서초구,40대,1461,1843,1331,489,842,1617,1715
서울,서초구,50대,970,1038,750,343,455,828,916
서울,서초구,60대,482,653,392,192,207,371,494
서울,서초구,70대이상,268,288,260,144,118,256,274
서울,서초구,기타,423,644,774,329,72,111,123
서울,강남구,합계,6068,6100,5640,3133,3187,4719,5695
서울,강남구,20대이하,136,204,286,182,120,125,153
서울,강남구,30대,1174,1393,1140,504,757,999,1237
서울,강남구,40대,2122,1886,1646,793,1074,1846,2135
서울,강남구,50대,1232,1086,970,502,531,890,1104
서울,강남구,60대,577,585,539,315,228,379,465
서울,강남구,70대이상,310,285,298,228,148,225,323
서울,강남구,기타,517,661,761,609,329,255,278
서울,송파구,합계,8427,9715,6599,2818,4023,6177,8656
서울,송파구,20대이하,252,399,399,177,146,146,300
서울,송파구,30대,1900,2349,1474,518,1124,1634,2347
서울,송파구,40대,2341,2346,1359,515,1191,1851,2546
서울,송파구,50대,1861,1918,1003,428,704,1142,1583
서울,송파구,60대,1103,1124,707,291,443,619,932
서울,송파구,70대이상,541,526,397,124,246,383,598
서울,송파구,기타,429,1053,1260,765,169,402,350
서울,강동구,합계,6447,8686,5460,2224,3634,5080,7343
서울,강동구,20대이하,179,301,276,137,132,156,191
서울,강동구,30대,1291,1944,1095,366,895,1278,1954
서울,강동구,40대,1403,1952,1185,346,1004,1473,2193
서울,강동구,50대,1280,1526,845,364,635,842,1300
서울,강동구,60대,872,1101,584,202,389,626,911
서울,강동구,70대이상,498,522,464,147,213,312,595
서울,강동구,기타,924,1340,1011,662,366,393,199
전남광주,,합계,0,0,0,0,0,0,0
전남광주,,20대이하,0,0,0,0,0,0,0
전남광주,,30대,0,0,0,0,0,0,0
전남광주,,40대,0,0,0,0,0,0,0
전남광주,,50대,0,0,0,0,0,0,0
전남광주,,60대,0,0,0,0,0,0,0
전남광주,,70대이상,0,0,0,0,0,0,0
전남광주,,기타,0,0,0,0,0,0,0
전남광주,(구)전남,합계,28033,38767,33503,22206,21736,23230,22969
전남광주,(구)전남,20대이하,1317,1847,1654,1114,972,981,900
전남광주,(구)전남,30대,5190,6285,5125,3184,3748,4126,4103
전남광주,(구)전남,40대,7013,9496,7590,4928,4687,5263,4816
전남광주,(구)전남,50대,6966,9252,7962,5494,5563,5862,5641
전남광주,(구)전남,60대,4095,5837,5728,4294,4178,4611,4525
전남광주,(구)전남,70대이상,1624,2446,2561,1683,1567,1678,1810
전남광주,(구)전남,기타,1828,3604,2883,1509,1021,709,1174
전남광주,(구)광주,합계,27449,38929,32588,17653,17396,18497,18900
전남광주,(구)광주,20대이하,1368,1768,1910,1141,948,896,790
전남광주,(구)광주,30대,5482,8058,7009,3607,4175,4693,4861
전남광주,(구)광주,40대,7201,10923,7995,4137,4494,4713,4681
전남광주,(구)광주,50대,5845,8073,5995,3569,3848,3980,4164
전남광주,(구)광주,60대,3426,4851,4035,2134,2285,2542,2629
전남광주,(구)광주,70대이상,1568,2367,2027,1180,1005,1096,1189
전남광주,(구)광주,기타,2559,2889,3617,1885,641,577,586
전남광주,목포시,합계,3542,4237,5376,3842,3065,3554,3746
전남광주,목포시,20대이하,197,201,244,195,158,121,122
전남광주,목포시,30대,672,703,865,567,438,581,555
전남광주,목포시,40대,927,1114,1405,872,738,836,916
전남광주,목포시,50대,815,981,1120,789,778,901,1057
전남광주,목포시,60대,515,633,894,599,559,668,683
전남광주,목포시,70대이상,269,338,415,293,248,287,346
전남광주,목포시,기타,147,267,433,527,146,160,67
전남광주,여수시,합계,5549,7019,4291,2509,2603,2741,2494
전남광주,여수시,20대이하,292,418,252,138,131,163,111
전남광주,여수시,30대,1167,1165,726,390,518,549,499
전남광주,여수시,40대,1502,1603,894,547,562,607,519
전남광주,여수시,50대,1381,1569,1019,618,643,677,641
전남광주,여수시,60대,771,969,697,468,466,482,460
전남광주,여수시,70대이상,264,392,302,161,187,188,189
전남광주,여수시,기타,172,903,401,187,96,75,75
전남광주,순천시,합계,4670,8969,6023,3804,4381,4872,4451
전남광주,순천시,20대이하,202,391,340,210,221,243,229
전남광주,순천시,30대,1017,1662,979,685,1027,1165,1208
전남광주,순천시,40대,1311,2225,1249,880,1040,1184,1043
전남광주,순천시,50대,1127,1919,1437,871,1054,1174,920
전남광주,순천시,60대,530,1088,946,638,695,760,701
전남광주,순천시,70대이상,205,380,402,220,271,260,254
전남광주,순천시,기타,278,1304,670,300,73,86,96
전남광주,나주시,합계,1626,1941,3249,1295,1436,1448,1845
전남광주,나주시,20대이하,77,101,172,78,57,66,79
전남광주,나주시,30대,327,358,694,227,333,337,377
전남광주,나주시,40대,359,418,826,258,331,341,377
전남광주,나주시,50대,409,490,705,302,300,322,434
전남광주,나주시,60대,272,356,547,261,288,261,355
전남광주,나주시,70대이상,117,140,216,114,100,95,131
전남광주,나주시,기타,65,78,89,55,27,26,92
전남광주,광양시,합계,4829,5421,3902,2682,3007,2865,2862
전남광주,광양시,20대이하,256,305,215,146,145,141,121
전남광주,광양시,30대,911,1033,570,401,565,495,498
전남광주,광양시,40대,1207,1499,926,735,742,688,519
전남광주,광양시,50대,1057,1246,836,659,788,763,672
전남광주,광양시,60대,480,693,486,443,533,529,462
전남광주,광양시,70대이상,147,210,175,142,124,159,161
전남광주,광양시,기타,771,435,694,156,110,90,429
전남광주,동구,합계,2106,2487,1807,1576,1584,1538,1551
전남광주,동구,20대이하,98,110,109,108,124,76,46
전남광주,동구,30대,307,432,387,253,369,442,481
전남광주,동구,40대,439,533,361,250,292,317,312
전남광주,동구,50대,401,533,325,253,328,284,287
전남광주,동구,60대,340,349,287,173,183,196,203
전남광주,동구,70대이상,217,239,184,153,116,126,136
전남광주,동구,기타,304,291,154,386,172,97,86
전남광주,서구,합계,5486,7932,6345,2981,3291,3375,3511
전남광주,서구,20대이하,260,385,389,212,153,162,154
전남광주,서구,30대,1075,1586,1355,658,793,834,897
전남광주,서구,40대,1511,2266,1559,670,842,886,864
전남광주,서구,50대,1117,1606,1165,642,772,723,809
전남광주,서구,60대,713,1036,796,375,428,472,485
전남광주,서구,70대이상,323,515,440,212,224,229,257
전남광주,서구,기타,487,538,641,212,79,69,45
전남광주,남구,합계,3884,6152,4596,2675,1981,2372,2679
전남광주,남구,20대이하,141,260,253,126,90,89,84
전남광주,남구,30대,630,1241,966,487,467,531,608
전남광주,남구,40대,993,1755,1250,698,588,666,780
전남광주,남구,50대,790,1145,765,514,385,443,541
전남광주,남구,60대,498,753,589,330,262,332,385
전남광주,남구,70대이상,235,411,330,232,120,180,205
전남광주,남구,기타,597,587,443,288,69,131,76
전남광주,북구,합계,8302,11284,10839,5676,5073,5805,5794
전남광주,북구,20대이하,480,514,610,388,291,267,258
전남광주,북구,30대,1763,2274,2191,1080,1202,1426,1445
전남광주,북구,40대,2105,2834,2348,1200,1209,1385,1353
전남광주,북구,50대,1903,2434,2030,1189,1134,1315,1369
전남광주,북구,60대,1084,1510,1371,759,746,892,894
전남광주,북구,70대이상,478,676,664,357,308,352,373
전남광주,북구,기타,489,1042,1625,703,183,168,102
전남광주,광산구,합계,7671,11074,9001,4745,5467,5407,5365
전남광주,광산구,20대이하,389,499,549,307,290,302,248
전남광주,광산구,30대,1707,2525,2110,1129,1344,1460,1430
전남광주,광산구,40대,2153,3535,2477,1319,1563,1459,1372
전남광주,광산구,50대,1634,2355,1710,971,1229,1215,1158
전남광주,광산구,60대,791,1203,992,497,666,650,662
전남광주,광산구,70대이상,315,526,409,226,237,209,218
전남광주,광산구,기타,682,431,754,296,138,112,277
전남광주,담양군,합계,415,524,507,392,288,394,268
전남광주,담양군,20대이하,13,13,17,16,10,15,13
전남광주,담양군,30대,37,66,55,30,36,66,30
전남광주,담양군,40대,98,103,102,73,40,61,44
전남광주,담양군,50대,140,156,166,132,101,105,77
전남광주,담양군,60대,77,102,99,97,70,102,70
전남광주,담양군,70대이상,29,35,47,25,19,31,20
전남광주,담양군,기타,21,49,21,19,12,14,14
전남광주,곡성군,합계,386,394,328,247,178,194,193
전남광주,곡성군,20대이하,11,13,12,13,10,3,6
전남광주,곡성군,30대,38,52,23,22,17,32,19
전남광주,곡성군,40대,39,84,58,43,17,22,28
전남광주,곡성군,50대,87,96,84,73,61,41,46
전남광주,곡성군,60대,91,70,72,69,43,60,67
전남광주,곡성군,70대이상,26,63,56,19,26,23,26
전남광주,곡성군,기타,94,16,23,8,4,13,1
전남광주,구례군,합계,261,310,310,285,189,220,167
전남광주,구례군,20대이하,5,9,9,10,2,4,3
전남광주,구례군,30대,37,35,38,23,15,13,7
전남광주,구례군,40대,52,59,59,59,28,29,29
전남광주,구례군,50대,82,102,96,79,57,59,48
전남광주,구례군,60대,53,70,64,69,60,82,60
전남광주,구례군,70대이상,26,23,35,32,21,29,15
전남광주,구례군,기타,6,12,9,13,6,4,5
전남광주,고흥군,합계,732,836,879,913,693,675,686
전남광주,고흥군,20대이하,26,34,26,25,13,21,13
전남광주,고흥군,30대,87,83,98,79,59,63,66
전남광주,고흥군,40대,157,172,150,166,96,121,116
전남광주,고흥군,50대,200,233,252,270,184,190,198
전남광주,고흥군,60대,151,206,233,245,234,199,192
전남광주,고흥군,70대이상,81,89,107,99,91,64,83
전남광주,고흥군,기타,30,19,13,29,16,17,18
전남광주,보성군,합계,406,486,564,373,355,314,261
전남광주,보성군,20대이하,15,18,17,15,8,10,6
전남광주,보성군,30대,48,72,56,28,36,32,22
전남광주,보성군,40대,86,110,129,64,49,45,37
전남광주,보성군,50대,111,115,161,103,121,95,64
전남광주,보성군,60대,88,104,107,91,89,77,85
전남광주,보성군,70대이상,41,42,58,40,30,35,29
전남광주,보성군,기타,17,25,36,32,22,20,18
전남광주,화순군,합계,708,1084,958,738,595,855,596
전남광주,화순군,20대이하,18,42,43,39,20,25,14
전남광주,화순군,30대,107,94,94,97,67,86,61
전남광주,화순군,40대,123,234,200,134,99,176,108
전남광주,화순군,50대,228,341,280,195,202,246,162
전남광주,화순군,60대,156,197,221,175,130,245,172
전남광주,화순군,70대이상,55,125,75,79,56,68,63
전남광주,화순군,기타,21,51,45,19,21,9,16
전남광주,장흥군,합계,430,540,513,419,321,309,383
전남광주,장흥군,20대이하,26,19,21,13,13,5,6
전남광주,장흥군,30대,55,83,64,35,30,23,31
전남광주,장흥군,40대,79,104,79,82,52,55,64
전남광주,장흥군,50대,132,142,138,113,106,90,103
전남광주,장흥군,60대,88,88,108,114,81,95,107
전남광주,장흥군,70대이상,35,68,62,46,36,30,62
전남광주,장흥군,기타,15,36,41,16,3,11,10
전남광주,강진군,합계,384,494,479,368,526,345,506
전남광주,강진군,20대이하,11,18,16,17,9,10,20
전남광주,강진군,30대,61,64,52,49,47,37,36
전남광주,강진군,40대,70,95,89,61,63,71,44
전남광주,강진군,50대,95,139,135,117,86,89,74
전남광주,강진군,60대,102,113,108,70,79,74,79
전남광주,강진군,70대이상,34,51,60,41,35,37,25
전남광주,강진군,기타,11,14,19,13,207,27,228
전남광주,해남군,합계,610,754,819,693,631,639,588
전남광주,해남군,20대이하,17,33,40,26,32,23,14
전남광주,해남군,30대,72,97,94,89,96,88,73
전남광주,해남군,40대,143,188,175,159,97,144,103
전남광주,해남군,50대,176,187,252,197,179,138,160
전남광주,해남군,60대,142,153,149,149,142,158,143
전남광주,해남군,70대이상,47,72,80,57,71,72,76
전남광주,해남군,기타,13,24,29,16,14,16,19
전남광주,영암군,합계,748,1557,1047,697,935,773,738
전남광주,영암군,20대이하,29,75,42,24,25,22,21
전남광주,영암군,30대,97,131,92,64,72,93,70
전남광주,영암군,40대,154,358,208,147,183,172,125
전남광주,영암군,50대,238,433,310,216,255,222,213
전남광주,영암군,60대,121,295,214,161,186,171,211
전남광주,영암군,70대이상,52,95,83,68,51,59,76
전남광주,영암군,기타,57,170,98,17,163,34,22
전남광주,무안군,합계,791,1822,1904,1042,986,1246,1397
전남광주,무안군,20대이하,26,46,88,83,46,61,55
전남광주,무안군,30대,176,301,389,213,238,297,360
전남광주,무안군,40대,258,634,553,258,288,379,406
전남광주,무안군,50대,167,461,366,207,208,242,292
전남광주,무안군,60대,100,220,262,174,141,189,199
전남광주,무안군,70대이상,41,101,117,64,53,62,78
전남광주,무안군,기타,23,59,129,43,12,16,7
전남광주,함평군,합계,193,233,235,240,173,242,185
전남광주,함평군,20대이하,10,9,11,7,7,2,3
전남광주,함평군,30대,28,22,21,18,12,11,18
전남광주,함평군,40대,38,40,36,47,16,31,23
전남광주,함평군,50대,55,67,72,79,58,71,57
전남광주,함평군,60대,37,63,57,63,44,63,46
전남광주,함평군,70대이상,16,23,34,18,19,25,25
전남광주,함평군,기타,9,9,4,8,17,39,13
전남광주,영광군,합계,555,626,612,508,361,427,459
전남광주,영광군,20대이하,27,33,25,18,10,17,19
전남광주,영광군,30대,86,71,67,55,53,38,46
전남광주,영광군,40대,136,118,128,113,66,96,84
전남광주,영광군,50대,140,169,144,150,100,110,107
전남광주,영광군,60대,92,120,122,118,77,110,143
전남광주,영광군,70대이상,42,75,74,47,42,46,35
전남광주,영광군,기타,32,40,52,7,13,10,25
전남광주,장성군,합계,382,519,554,370,281,313,339
전남광주,장성군,20대이하,20,17,25,12,9,8,7
전남광주,장성군,30대,40,49,43,30,28,29,25
전남광주,장성군,40대,93,112,127,71,50,61,71
전남광주,장성군,50대,124,144,162,116,95,106,104
전남광주,장성군,60대,58,113,98,93,72,77,96
전남광주,장성군,70대이상,29,50,63,34,19,27,28
전남광주,장성군,기타,18,34,36,14,8,5,8
전남광주,완도군,합계,396,480,441,392,291,338,337
전남광주,완도군,20대이하,25,25,20,16,22,9,19
전남광주,완도군,30대,60,91,57,48,40,46,46
전남광주,완도군,40대,104,121,105,90,63,58,69
전남광주,완도군,50대,100,119,110,109,63,96,87
전남광주,완도군,60대,68,75,88,84,64,94,79
전남광주,완도군,70대이상,26,33,43,32,27,30,29
전남광주,완도군,기타,13,16,18,13,12,5,8
전남광주,진도군,합계,212,290,267,196,230,249,296
전남광주,진도군,20대이하,9,16,15,7,17,10,13
전남광주,진도군,30대,21,37,30,21,12,35,38
전남광주,진도군,40대,47,59,59,35,48,51,61
전남광주,진도군,50대,45,74,56,53,64,58,83
전남광주,진도군,60대,55,63,70,47,66,66,65
전남광주,진도군,70대이상,28,15,26,23,14,26,33
전남광주,진도군,기타,7,26,11,10,9,3,3
전남광주,신안군,합계,208,231,245,201,211,217,172
전남광주,신안군,20대이하,5,11,4,6,7,2,6
전남광주,신안군,30대,46,16,18,13,9,10,18
전남광주,신안군,40대,30,46,33,34,19,35,30
전남광주,신안군,50대,57,69,61,46,60,67,42
전남광주,신안군,60대,48,46,86,66,59,49,50
전남광주,신안군,70대이상,14,26,31,29,27,25,26
전남광주,신안군,기타,8,17,12,7,30,29,0
부산,,합계,53890,109139,69646,31214,34027,36612,42984
부산,,20대이하,2092,4602,3913,1900,1395,1202,1333
부산,,30대,9739,20945,13686,5571,8172,8740,10921
부산,,40대,12983,27884,14721,5969,8336,8932,10667
부산,,50대,11439,22847,12569,6028,7037,7479,9056
부산,,60대,7874,16616,10465,4746,5246,6067,6492
부산,,70대이상,3469,7820,5445,2406,2223,2638,3340
부산,,기타,6294,8425,8847,4594,1618,1554,1175
부산,중구,합계,539,761,1304,558,316,277,266
부산,중구,20대이하,18,29,94,31,17,7,9
부산,중구,30대,62,88,175,60,36,49,32
부산,중구,40대,100,167,252,127,64,64,46
부산,중구,50대,133,178,196,104,62,60,68
부산,중구,60대,138,183,173,80,82,62,59
부산,중구,70대이상,49,63,103,53,39,30,44
부산,중구,기타,39,53,311,103,16,5,8
부산,서구,합계,1487,2348,2030,1047,995,1168,1073
부산,서구,20대이하,77,77,104,49,84,36,19
부산,서구,30대,235,434,320,136,160,229,227
부산,서구,40대,286,496,374,153,195,295,218
부산,서구,50대,374,501,367,207,227,244,230
부산,서구,60대,245,415,374,197,201,205,207
부산,서구,70대이상,149,209,200,108,101,117,142
부산,서구,기타,121,216,291,197,27,42,30
부산,동구,합계,1061,2264,1586,903,783,759,944
부산,동구,20대이하,41,149,114,78,40,22,36
부산,동구,30대,136,388,262,136,161,166,255
부산,동구,40대,224,556,288,163,209,143,174
부산,동구,50대,247,485,338,188,151,199,210
부산,동구,60대,199,363,310,154,134,132,163
부산,동구,70대이상,106,214,162,90,72,81,94
부산,동구,기타,108,109,112,94,16,16,12
부산,영도구,합계,1609,3088,2992,1548,921,955,1091
부산,영도구,20대이하,65,157,151,153,37,38,33
부산,영도구,30대,201,461,462,237,143,123,118
부산,영도구,40대,339,750,662,286,214,189,190
부산,영도구,50대,472,721,577,341,221,228,318
부산,영도구,60대,293,534,530,278,213,224,222
부산,영도구,70대이상,100,260,290,111,66,102,101
부산,영도구,기타,139,205,320,142,27,51,109
부산,부산진구,합계,5999,13071,6375,3359,4054,4775,5131
부산,부산진구,20대이하,249,623,361,175,158,146,171
부산,부산진구,30대,1001,2331,1300,599,940,1069,1389
부산,부산진구,40대,1358,2993,1226,575,842,1022,1172
부산,부산진구,50대,1269,2904,1133,645,833,919,1087
부산,부산진구,60대,1002,1946,991,478,640,941,841
부산,부산진구,70대이상,409,929,558,258,347,321,362
부산,부산진구,기타,711,1345,806,629,294,357,109
부산,동래구,합계,4298,9611,4919,2214,2596,3158,4264
부산,동래구,20대이하,146,383,221,98,90,80,124
부산,동래구,30대,794,1974,974,427,764,943,1223
부산,동래구,40대,1173,2638,999,459,796,952,1301
부산,동래구,50대,831,1737,744,378,444,532,777
부산,동래구,60대,498,1348,671,275,282,397,511
부산,동래구,70대이상,276,674,400,162,148,196,266
부산,동래구,기타,580,857,910,415,72,58,62
부산,남구,합계,6109,10259,5635,2508,3092,2930,3583
부산,남구,20대이하,220,355,315,148,123,104,112
부산,남구,30대,1035,1806,948,416,644,735,979
부산,남구,40대,1621,2640,1079,483,746,698,851
부산,남구,50대,1290,2020,1037,524,667,593,759
부산,남구,60대,858,1505,839,390,489,468,459
부산,남구,70대이상,444,811,437,237,227,251,274
부산,남구,기타,641,1122,980,310,196,81,149
부산,북구,합계,4110,7191,5206,2504,2820,2992,3307
부산,북구,20대이하,158,348,319,141,106,101,96
부산,북구,30대,794,1415,1151,472,704,813,843
부산,북구,40대,882,1843,1001,467,645,672,691
부산,북구,50대,937,1674,1098,471,631,620,766
부산,북구,60대,535,1196,922,405,488,539,616
부산,북구,70대이상,208,471,363,185,190,232,278
부산,북구,기타,596,244,352,363,56,15,17
부산,해운대구,합계,6825,15822,7590,2578,3769,3871,5062
부산,해운대구,20대이하,245,650,564,191,155,125,149
부산,해운대구,30대,1466,3440,1802,480,970,964,1442
부산,해운대구,40대,2053,4603,1809,537,952,1117,1447
부산,해운대구,50대,1309,3100,1271,471,740,745,980
부산,해운대구,60대,919,2155,1047,332,485,579,664
부산,해운대구,70대이상,445,943,489,131,187,289,314
부산,해운대구,기타,388,931,608,436,280,52,66
부산,사하구,합계,5071,9364,7281,3241,2820,2862,3198
부산,사하구,20대이하,183,434,445,248,126,112,92
부산,사하구,30대,738,1571,1302,572,569,499,544
부산,사하구,40대,932,2262,1573,659,656,662,743
부산,사하구,50대,1043,2193,1531,734,681,708,746
부산,사하구,60대,795,1685,1199,572,550,576,633
부산,사하구,70대이상,310,710,546,268,189,221,351
부산,사하구,기타,1070,509,685,188,49,84,89
부산,금정구,합계,3875,8771,4301,2144,1861,2004,2512
부산,금정구,20대이하,188,300,215,120,64,56,56
부산,금정구,30대,599,1430,717,316,434,383,512
부산,금정구,40대,822,2155,827,350,443,450,589
부산,금정구,50대,809,1812,789,379,377,397,612
부산,금정구,60대,579,1404,644,361,286,427,396
부산,금정구,70대이상,228,768,394,205,151,169,244
부산,금정구,기타,650,902,715,413,106,122,103
부산,강서구,합계,1386,3821,1884,1121,1975,1791,2005
부산,강서구,20대이하,73,144,111,74,68,55,65
부산,강서구,30대,488,1217,637,380,709,620,654
부산,강서구,40대,356,1179,495,285,590,555,648
부산,강서구,50대,239,499,251,152,291,260,307
부산,강서구,60대,144,447,228,138,220,195,196
부산,강서구,70대이상,45,153,77,45,79,83,108
부산,강서구,기타,41,182,85,47,18,23,27
부산,연제구,합계,3462,6769,3971,1858,2438,2549,3371
부산,연제구,20대이하,103,269,223,98,83,73,79
부산,연제구,30대,728,1397,895,345,740,792,1123
부산,연제구,40대,862,1543,749,309,567,558,828
부산,연제구,50대,696,1538,645,297,491,469,594
부산,연제구,60대,518,1018,603,253,332,337,418
부산,연제구,70대이상,219,514,335,177,150,153,244
부산,연제구,기타,336,490,521,379,75,167,85
부산,수영구,합계,4017,7355,5267,1939,2116,2452,3296
부산,수영구,20대이하,141,299,273,110,81,99,153
부산,수영구,30대,675,1294,812,318,411,511,797
부산,수영구,40대,904,1649,872,331,534,561,862
부산,수영구,50대,872,1523,711,314,427,579,700
부산,수영구,60대,581,1111,497,196,257,342,434
부산,수영구,70대이상,244,562,361,90,102,147,216
부산,수영구,기타,600,917,1741,580,304,213,134
부산,사상구,합계,2279,4539,3770,2132,1700,2182,1978
부산,사상구,20대이하,109,248,210,109,92,78,72
부산,사상구,30대,396,812,754,365,330,365,348
부산,사상구,40대,590,1111,742,371,378,463,363
부산,사상구,50대,553,1118,862,500,433,519,460
부산,사상구,60대,341,740,653,366,330,376,399
부산,사상구,70대이상,123,279,289,161,89,132,178
부산,사상구,기타,167,231,260,260,48,249,158
부산,기장군,합계,1763,4105,5535,1560,1771,1887,1903
부산,기장군,20대이하,76,137,193,77,71,70,67
부산,기장군,30대,391,887,1175,312,457,479,435
부산,기장군,40대,481,1299,1773,414,505,531,544
부산,기장군,50대,365,844,1019,323,361,407,442
부산,기장군,60대,229,566,784,271,257,267,274
부산,기장군,70대이상,114,260,441,125,86,114,124
부산,기장군,기타,107,112,150,38,34,19,17
대구,,합계,42956,66096,31113,15031,25325,27663,29521
대구,,20대이하,1595,2755,1624,831,1075,973,1079
대구,,30대,7914,12625,5544,3140,6762,7449,7917
대구,,40대,10215,16518,6321,3265,6198,6530,6986
대구,,50대,10007,14553,6331,3439,5577,6230,6475
대구,,60대,6163,9145,4520,2266,3714,4184,4392
대구,,70대이상,3147,4507,2575,1114,1420,1597,1804
대구,,기타,3915,5993,4198,976,579,700,868
대구,중구,합계,1608,2549,1215,567,1223,1538,2012
대구,중구,20대이하,44,101,44,36,58,73,121
대구,중구,30대,239,532,142,121,488,667,888
대구,중구,40대,323,563,126,94,271,298,397
대구,중구,50대,327,500,107,119,214,237,291
대구,중구,60대,189,265,90,84,112,154,162
대구,중구,70대이상,108,135,70,53,62,87,106
대구,중구,기타,378,453,636,60,18,22,47
대구,동구,합계,6277,9723,4987,2546,3710,4356,4292
대구,동구,20대이하,270,398,224,116,162,151,144
대구,동구,30대,1124,1641,816,428,969,1120,1202
대구,동구,40대,1446,2168,1050,487,769,865,876
대구,동구,50대,1503,2143,1043,569,787,908,921
대구,동구,60대,1102,1542,818,417,575,694,761
대구,동구,70대이상,568,799,472,238,227,296,338
대구,동구,기타,264,1032,564,291,221,322,50
대구,서구,합계,3460,3530,2019,895,1119,1281,1442
대구,서구,20대이하,137,171,113,43,36,46,57
대구,서구,30대,427,502,264,116,161,196,352
대구,서구,40대,610,663,291,168,176,189,256
대구,서구,50대,1039,941,446,260,278,307,330
대구,서구,60대,669,704,390,187,219,305,285
대구,서구,70대이상,294,271,180,72,104,104,137
대구,서구,기타,284,278,335,49,145,134,25
대구,남구,합계,2601,3555,2012,679,904,972,1093
대구,남구,20대이하,92,163,92,36,48,37,44
대구,남구,30대,371,523,249,97,163,191,215
대구,남구,40대,520,696,278,134,170,190,187
대구,남구,50대,618,790,371,172,246,260,287
대구,남구,60대,507,600,296,122,176,185,203
대구,남구,70대이상,247,306,194,66,74,81,113
대구,남구,기타,246,477,532,52,27,28,44
대구,북구,합계,7506,11290,6963,3318,4642,5051,5215
대구,북구,20대이하,263,449,370,201,216,190,212
대구,북구,30대,1437,2113,1324,637,1166,1284,1297
대구,북구,40대,1951,2896,1603,717,1050,1155,1146
대구,북구,50대,1714,2612,1580,784,1100,1269,1332
대구,북구,60대,960,1517,1062,515,782,814,824
대구,북구,70대이상,516,824,625,228,283,284,302
대구,북구,기타,665,879,399,236,45,55,102
대구,수성구,합계,6722,11160,3730,1563,3981,4636,5224
대구,수성구,20대이하,183,428,180,90,122,94,128
대구,수성구,30대,1028,2199,691,374,1122,1239,1384
대구,수성구,40대,1654,3351,871,384,1277,1474,1683
대구,수성구,50대,1380,2343,675,324,769,952,1040
대구,수성구,60대,825,1285,445,167,444,529,591
대구,수성구,70대이상,514,781,312,97,204,265,291
대구,수성구,기타,1138,773,556,127,43,83,107
대구,달서구,합계,10264,16317,5552,2900,5688,6183,6802
대구,달서구,20대이하,410,704,348,171,245,236,210
대구,달서구,30대,2180,3298,970,696,1563,1733,1705
대구,달서구,40대,2609,4197,970,665,1420,1449,1584
대구,달서구,50대,2509,3670,1116,642,1283,1496,1492
대구,달서구,60대,1369,2266,754,402,854,942,1007
대구,달서구,70대이상,666,1011,430,207,277,296,341
대구,달서구,기타,521,1171,964,117,46,31,463
대구,달성군,합계,4518,7972,4635,2563,4029,3560,3371
대구,달성군,20대이하,196,341,253,138,188,143,162
대구,달성군,30대,1108,1817,1088,671,1127,1013,866
대구,달성군,40대,1102,1984,1132,616,1056,898,846
대구,달성군,50대,917,1554,993,569,894,779,766
대구,달성군,60대,542,966,665,372,548,532,535
대구,달성군,70대이상,234,380,292,153,183,175,167
대구,달성군,기타,419,930,212,44,33,20,29
대구,군위군,합계,0,0,0,0,29,86,70
대구,군위군,20대이하,0,0,0,0,0,3,1
대구,군위군,30대,0,0,0,0,3,6,8
대구,군위군,40대,0,0,0,0,9,12,11
대구,군위군,50대,0,0,0,0,6,22,16
대구,군위군,60대,0,0,0,0,4,29,24
대구,군위군,70대이상,0,0,0,0,6,9,9
대구,군위군,기타,0,0,0,0,1,5,1
인천,,합계,61672,93758,88059,35346,38410,42943,42808
인천,,20대이하,3170,5024,6894,2804,2020,1702,1588
인천,,30대,11517,17642,16742,6229,8389,9418,9787
인천,,40대,16502,22773,18179,6562,8805,9856,9446
인천,,50대,14851,20115,18218,7916,8888,9852,9580
인천,,60대,8660,13090,12664,5396,6100,7512,7471
인천,,70대이상,3537,5576,5502,2408,2432,3018,3457
인천,,기타,3435,9538,9860,4031,1776,1585,1479
인천,(구)중구,합계,2285,4218,4351,1766,2255,2224,2082
인천,(구)중구,20대이하,133,272,415,117,144,108,95
인천,(구)중구,30대,399,839,951,322,493,499,497
인천,(구)중구,40대,675,1067,918,365,534,513,473
인천,(구)중구,50대,518,864,791,391,553,492,433
인천,(구)중구,60대,291,614,622,276,343,394,364
인천,(구)중구,70대이상,132,290,319,128,146,177,197
인천,(구)중구,기타,137,272,335,167,42,41,23
인천,제물포구,합계,0,0,0,0,0,0,0
인천,제물포구,20대이하,0,0,0,0,0,0,0
인천,제물포구,30대,0,0,0,0,0,0,0
인천,제물포구,40대,0,0,0,0,0,0,0
인천,제물포구,50대,0,0,0,0,0,0,0
인천,제물포구,60대,0,0,0,0,0,0,0
인천,제물포구,70대이상,0,0,0,0,0,0,0
인천,제물포구,기타,0,0,0,0,0,0,0
인천,(구)동구,합계,1270,2166,2259,841,857,884,861
인천,(구)동구,20대이하,62,108,151,66,40,30,25
인천,(구)동구,30대,215,386,404,141,124,133,131
인천,(구)동구,40대,302,511,499,169,220,203,170
인천,(구)동구,50대,279,457,427,187,174,212,209
인천,(구)동구,60대,188,314,381,124,167,169,183
인천,(구)동구,70대이상,87,183,252,102,84,125,130
인천,(구)동구,기타,137,207,145,52,48,12,13
인천,영종구,합계,0,0,0,0,0,0,0
인천,영종구,20대이하,0,0,0,0,0,0,0
인천,영종구,30대,0,0,0,0,0,0,0
인천,영종구,40대,0,0,0,0,0,0,0
인천,영종구,50대,0,0,0,0,0,0,0
인천,영종구,60대,0,0,0,0,0,0,0
인천,영종구,70대이상,0,0,0,0,0,0,0
인천,영종구,기타,0,0,0,0,0,0,0
인천,미추홀구,합계,8969,13642,13261,6842,4914,5762,6038
인천,미추홀구,20대이하,481,686,953,538,226,209,203
인천,미추홀구,30대,1389,1966,2007,1006,807,963,1086
인천,미추홀구,40대,2309,2820,2461,1171,953,1170,1258
인천,미추홀구,50대,2112,2829,2748,1464,1157,1345,1427
인천,미추홀구,60대,1396,1949,1872,1042,824,1052,1121
인천,미추홀구,70대이상,626,934,859,525,388,515,610
인천,미추홀구,기타,656,2458,2361,1096,559,508,333
인천,연수구,합계,6212,12484,8593,1975,5018,5465,5715
인천,연수구,20대이하,244,605,704,211,267,208,231
인천,연수구,30대,1549,3234,2301,490,1522,1612,1728
인천,연수구,40대,1942,3654,2234,452,1407,1496,1524
인천,연수구,50대,1251,2353,1498,395,1013,1092,1176
인천,연수구,60대,708,1283,919,237,549,745,737
인천,연수구,70대이상,269,532,414,102,220,256,295
인천,연수구,기타,249,823,523,88,40,56,24
인천,남동구,합계,11753,16785,17770,6569,6385,7069,6497
인천,남동구,20대이하,552,819,1216,489,292,243,206
인천,남동구,30대,2045,3052,2879,1141,1321,1467,1277
인천,남동구,40대,3096,4248,3762,1257,1534,1751,1504
인천,남동구,50대,2649,3603,3507,1423,1557,1616,1491
인천,남동구,60대,1591,2447,2395,959,1022,1268,1174
인천,남동구,70대이상,702,991,1028,419,390,491,527
인천,남동구,기타,1118,1625,2983,881,269,233,318
인천,부평구,합계,13196,16297,13768,5070,5646,6785,6955
인천,부평구,20대이하,700,968,1331,473,314,314,295
인천,부평구,30대,2466,2973,2921,1059,1343,1522,1739
인천,부평구,40대,3590,3889,2640,875,1207,1453,1439
인천,부평구,50대,3243,3555,3001,1150,1357,1581,1475
인천,부평구,60대,1892,2279,2051,722,906,1160,1167
인천,부평구,70대이상,761,1053,907,345,328,502,529
인천,부평구,기타,544,1580,917,446,191,253,311
인천,계양구,합계,6474,8828,10474,3853,3434,4450,4138
인천,계양구,20대이하,398,610,927,347,223,194,179
인천,계양구,30대,1085,1545,1885,676,646,828,743
인천,계양구,40대,1587,1847,1865,644,689,855,792
인천,계양구,50대,1882,2300,2421,1004,864,1126,1073
인천,계양구,60대,996,1432,1627,613,640,951,911
인천,계양구,70대이상,402,500,606,201,201,302,343
인천,계양구,기타,124,594,1143,368,171,194,97
인천,(구)서구,합계,10237,17576,15575,7036,8740,9231,9479
인천,(구)서구,20대이하,554,905,1127,518,453,366,339
인천,(구)서구,30대,2251,3468,3227,1279,2045,2312,2483
인천,(구)서구,40대,2753,4395,3460,1398,2083,2259,2137
인천,(구)서구,50대,2567,3691,3295,1532,1937,2110,2046
인천,(구)서구,60대,1317,2323,2208,1042,1329,1434,1503
인천,(구)서구,70대이상,433,890,860,400,477,513,660
인천,(구)서구,기타,362,1904,1398,867,416,237,311
인천,서해구,합계,0,0,0,0,0,0,0
인천,서해구,20대이하,0,0,0,0,0,0,0
인천,서해구,30대,0,0,0,0,0,0,0
인천,서해구,40대,0,0,0,0,0,0,0
인천,서해구,50대,0,0,0,0,0,0,0
인천,서해구,60대,0,0,0,0,0,0,0
인천,서해구,70대이상,0,0,0,0,0,0,0
인천,서해구,기타,0,0,0,0,0,0,0
인천,검단구,합계,0,0,0,0,0,0,0
인천,검단구,20대이하,0,0,0,0,0,0,0
인천,검단구,30대,0,0,0,0,0,0,0
인천,검단구,40대,0,0,0,0,0,0,0
인천,검단구,50대,0,0,0,0,0,0,0
인천,검단구,60대,0,0,0,0,0,0,0
인천,검단구,70대이상,0,0,0,0,0,0,0
인천,검단구,기타,0,0,0,0,0,0,0
인천,강화군,합계,1106,1538,1752,1150,885,856,930
인천,강화군,20대이하,44,45,66,44,23,28,13
인천,강화군,30대,108,156,155,99,74,77,90
인천,강화군,40대,201,312,305,195,155,111,129
인천,강화군,50대,298,404,456,325,210,233,222
인천,강화군,60대,246,382,495,318,269,261,275
인천,강화군,70대이상,111,183,226,126,134,114,152
인천,강화군,기타,98,56,49,43,20,32,49
인천,옹진군,합계,170,224,256,244,276,217,113
인천,옹진군,20대이하,2,6,4,1,38,2,2
인천,옹진군,30대,10,23,12,16,14,5,13
인천,옹진군,40대,47,30,35,36,23,45,20
인천,옹진군,50대,52,59,74,45,66,45,28
인천,옹진군,60대,35,67,94,63,51,78,36
인천,옹진군,70대이상,14,20,31,60,64,23,14
인천,옹진군,기타,10,19,6,23,20,19,0
대전,,합계,35920,39208,25324,12192,16377,17956,19099
대전,,20대이하,1423,1965,1664,711,717,625,706
대전,,30대,7329,7969,5478,2215,3730,4248,4802
대전,,40대,10166,9914,5600,2490,3883,4084,4481
대전,,50대,8312,8684,5177,2655,3708,4043,4316
대전,,60대,4787,5510,3486,1938,2534,2692,3047
대전,,70대이상,2124,2592,1846,923,1028,1355,1401
대전,,기타,1779,2574,2073,1260,777,909,346
대전,동구,합계,5028,5614,3723,2089,2265,2832,2638
대전,동구,20대이하,186,277,241,103,98,104,106
대전,동구,30대,844,839,621,319,374,508,547
대전,동구,40대,1310,1256,780,365,479,606,524
대전,동구,50대,1179,1357,838,488,561,644,669
대전,동구,60대,749,995,619,405,438,521,485
대전,동구,70대이상,442,530,363,217,212,277,272
대전,동구,기타,318,360,261,192,103,172,35
대전,중구,합계,5962,6293,4472,2296,2386,2573,2740
대전,중구,20대이하,207,278,265,108,99,77,83
대전,중구,30대,1020,970,756,276,402,474,557
대전,중구,40대,1610,1490,909,401,491,520,589
대전,중구,50대,1387,1394,934,523,555,612,648
대전,중구,60대,882,974,670,411,440,415,504
대전,중구,70대이상,518,593,422,223,217,256,289
대전,중구,기타,338,594,516,354,182,219,70
대전,서구,합계,12102,12314,7686,3481,5333,5455,6428
대전,서구,20대이하,517,692,556,246,251,237,292
대전,서구,30대,2413,2722,1898,745,1349,1503,1718
대전,서구,40대,3548,3212,1803,819,1394,1335,1605
대전,서구,50대,2842,2623,1500,744,1150,1210,1440
대전,서구,60대,1679,1645,982,473,762,729,937
대전,서구,70대이상,649,747,483,221,273,333,389
대전,서구,기타,454,673,464,233,154,108,47
대전,유성구,합계,9714,10086,5727,2578,4496,4820,5114
대전,유성구,20대이하,369,503,339,141,182,138,148
대전,유성구,30대,2528,2640,1550,608,1257,1354,1566
대전,유성구,40대,2884,2737,1368,593,1125,1173,1333
대전,유성구,50대,2075,2044,1063,480,927,959,1019
대전,유성구,60대,986,1053,649,304,517,550,639
대전,유성구,70대이상,331,421,273,139,185,265,249
대전,유성구,기타,541,688,485,313,303,381,160
대전,대덕구,합계,3114,4901,3716,1748,1897,2276,2179
대전,대덕구,20대이하,144,215,263,113,87,69,77
대전,대덕구,30대,524,798,653,267,348,409,414
대전,대덕구,40대,814,1219,740,312,394,450,430
대전,대덕구,50대,829,1266,842,420,515,618,540
대전,대덕구,60대,491,843,566,345,377,477,482
대전,대덕구,70대이상,184,301,305,123,141,224,202
대전,대덕구,기타,128,259,347,168,35,29,34
울산,,합계,17119,29484,22088,11615,13437,15369,19133
울산,,20대이하,850,1442,1185,676,617,657,835
울산,,30대,4704,7628,4539,2703,3910,4543,5455
울산,,40대,4707,7799,4733,2573,3463,3848,4641
울산,,50대,3641,5943,3981,2372,2858,3257,4098
울산,,60대,1647,3256,2801,1514,1709,2100,2623
울산,,70대이상,580,1180,1186,649,566,667,980
울산,,기타,990,2236,3663,1128,314,297,501
울산,중구,합계,3337,6185,3699,2015,2400,2583,3355
울산,중구,20대이하,117,245,185,121,106,100,113
울산,중구,30대,963,1449,633,386,751,775,897
울산,중구,40대,823,1542,643,419,618,625,736
울산,중구,50대,677,1095,646,429,460,513,668
울산,중구,60대,366,693,496,286,288,382,496
울산,중구,70대이상,158,301,266,149,105,153,269
울산,중구,기타,233,860,830,225,72,35,176
울산,남구,합계,5871,10792,6330,2821,4043,4496,6022
울산,남구,20대이하,271,583,317,217,216,223,322
울산,남구,30대,1520,2653,1214,692,1292,1559,2024
울산,남구,40대,1591,2783,1054,533,996,1083,1448
울산,남구,50대,1213,2151,827,531,823,841,1128
울산,남구,60대,504,1131,650,315,449,487,671
울산,남구,70대이상,177,465,410,166,186,166,230
울산,남구,기타,595,1026,1858,367,81,137,199
울산,동구,합계,1557,2475,2716,1653,1555,1723,2111
울산,동구,20대이하,94,159,182,88,90,86,114
울산,동구,30대,505,696,586,308,364,366,502
울산,동구,40대,456,718,753,435,437,530,602
울산,동구,50대,291,453,502,279,330,383,460
울산,동구,60대,130,280,326,176,212,261,286
울산,동구,70대이상,43,83,107,70,60,74,114
울산,동구,기타,38,86,260,297,62,23,33
울산,북구,합계,3454,5405,4674,2507,2908,3496,4076
울산,북구,20대이하,219,265,276,151,125,151,176
울산,북구,30대,1061,1787,1266,822,990,1176,1291
울산,북구,40대,998,1553,1207,592,799,906,1069
울산,북구,50대,748,1081,883,470,550,710,868
울산,북구,60대,296,486,551,284,326,419,490
울산,북구,70대이상,89,125,148,91,74,105,150
울산,북구,기타,43,108,343,97,44,29,32
울산,울주군,합계,2900,4627,4669,2619,2531,3071,3569
울산,울주군,20대이하,149,190,225,99,80,97,110
울산,울주군,30대,655,1043,840,495,513,667,741
울산,울주군,40대,839,1203,1076,594,613,704,786
울산,울주군,50대,712,1163,1123,663,695,810,974
울산,울주군,60대,351,666,778,453,434,551,680
울산,울주군,70대이상,113,206,255,173,141,169,217
울산,울주군,기타,81,156,372,142,55,73,61
세종,,합계,6037,13543,7701,2994,5606,5880,7498
세종,,20대이하,207,706,302,181,227,159,228
세종,,30대,1452,3311,1564,782,1707,1690,2144
세종,,40대,1814,3943,2539,732,1561,1620,2100
세종,,50대,1392,2823,1572,700,1039,1096,1564
세종,,60대,790,1743,1027,385,638,756,890
세종,,70대이상,258,687,421,127,269,296,421
세종,,기타,124,330,276,87,165,263,151
경기,,합계,205815,371113,264334,110361,138129,169627,201027
경기,,20대이하,9832,19792,19708,7726,6755,6489,7229
경기,,30대,42805,83971,63506,22766,35150,42350,53085
경기,,40대,55193,95373,62528,23040,33298,42192,49370
경기,,50대,46385,76789,53297,24072,30349,37283,41704
경기,,60대,26076,48592,37016,16952,20175,25718,30847
경기,,70대이상,11584,22186,19226,7801,8581,11936,15477
경기,,기타,13940,24410,9053,8004,3821,3659,3315
경기,수원시,합계,22888,33491,27916,8212,12566,15418,18680
경기,수원시,20대이하,1108,2153,2197,635,762,785,848
경기,수원시,30대,5068,8382,7545,2009,3917,4910,6293
경기,수원시,40대,6416,8255,6910,1656,2907,3722,4596
경기,수원시,50대,4861,6376,4997,1593,2480,3093,3406
경기,수원시,60대,2376,3893,3179,1086,1439,1958,2315
경기,수원시,70대이상,1185,1733,1635,510,617,791,1038
경기,수원시,기타,1874,2699,1453,723,444,159,184
경기,장안구,합계,4788,7598,5599,1893,2432,3242,3447
경기,장안구,20대이하,169,420,494,158,148,146,169
경기,장안구,30대,905,1594,1397,342,605,832,984
경기,장안구,40대,1318,1818,1173,354,551,794,767
경기,장안구,50대,1091,1606,1078,414,557,750,721
경기,장안구,60대,532,1001,694,290,323,475,468
경기,장안구,70대이상,303,454,389,164,164,185,246
경기,장안구,기타,470,705,374,171,84,60,92
경기,권선구,합계,6837,11101,9618,2886,3447,4595,6164
경기,권선구,20대이하,298,633,720,206,186,223,218
경기,권선구,30대,1395,2399,2343,636,1039,1337,1679
경기,권선구,40대,1759,2718,2318,610,756,1006,1631
경기,권선구,50대,1600,2337,1709,611,734,1003,1277
경기,권선구,60대,835,1510,1152,392,489,709,947
경기,권선구,70대이상,388,596,551,168,199,283,388
경기,권선구,기타,562,908,825,263,44,34,24
경기,팔달구,합계,3634,4441,3261,1522,1993,2235,2787
경기,팔달구,20대이하,217,295,303,113,119,132,166
경기,팔달구,30대,661,1003,788,269,440,617,936
경기,팔달구,40대,894,940,666,265,369,457,506
경기,팔달구,50대,803,875,647,297,454,505,555
경기,팔달구,60대,411,536,396,224,233,331,376
경기,팔달구,70대이상,232,250,221,80,96,142,186
경기,팔달구,기타,416,542,240,274,282,51,62
경기,영통구,합계,7629,10351,9438,1911,4694,5346,6282
경기,영통구,20대이하,424,805,680,158,309,284,295
경기,영통구,30대,2107,3386,3017,762,1833,2124,2694
경기,영통구,40대,2445,2779,2753,427,1231,1465,1692
경기,영통구,50대,1367,1558,1563,271,735,835,853
경기,영통구,60대,598,846,937,180,394,443,524
경기,영통구,70대이상,262,433,474,98,158,181,218
경기,영통구,기타,426,544,14,15,34,14,6
경기,성남시,합계,14878,23314,11960,3809,6422,9136,13555
경기,성남시,20대이하,756,1225,865,263,249,295,413
경기,성남시,30대,3619,5895,2980,963,1914,2667,4343
경기,성남시,40대,4170,5978,2836,876,1816,2638,3921
경기,성남시,50대,3103,4429,2329,660,1213,1719,2376
경기,성남시,60대,1720,2840,1696,470,651,1124,1518
경기,성남시,70대이상,803,1414,890,273,327,583,849
경기,성남시,기타,707,1533,364,304,252,110,135
경기,수정구,합계,3968,4747,2418,873,1609,2054,3078
경기,수정구,20대이하,250,301,243,79,67,74,101
경기,수정구,30대,866,949,536,175,378,516,866
경기,수정구,40대,923,995,519,143,347,485,763
경기,수정구,50대,897,995,484,145,329,440,591
경기,수정구,60대,573,658,334,87,188,308,452
경기,수정구,70대이상,227,282,184,63,95,182,265
경기,수정구,기타,232,567,118,181,205,49,40
경기,중원구,합계,4493,7027,3825,1241,1138,1937,2706
경기,중원구,20대이하,350,594,419,108,71,98,127
경기,중원구,30대,908,1449,966,254,312,522,891
경기,중원구,40대,952,1437,795,283,246,461,549
경기,중원구,50대,1099,1433,691,241,240,389,454
경기,중원구,60대,581,890,503,164,181,295,410
경기,중원구,70대이상,263,398,259,97,70,143,219
경기,중원구,기타,340,826,192,94,18,29,56
경기,분당구,합계,6417,11540,5717,1695,3675,5145,7771
경기,분당구,20대이하,156,330,203,76,111,123,185
경기,분당구,30대,1845,3497,1478,534,1224,1629,2586
경기,분당구,40대,2295,3546,1522,450,1223,1692,2609
경기,분당구,50대,1107,2001,1154,274,644,890,1331
경기,분당구,60대,566,1292,859,219,282,521,656
경기,분당구,70대이상,313,734,447,113,162,258,365
경기,분당구,기타,135,140,54,29,29,32,39
경기,의정부시,합계,7113,13413,9079,3401,4457,5580,6834
경기,의정부시,20대이하,341,747,820,278,225,217,232
경기,의정부시,30대,1203,2204,1881,621,1000,1195,1384
경기,의정부시,40대,1903,3211,2061,710,1031,1278,1633
경기,의정부시,50대,1691,2964,1947,726,1084,1361,1643
경기,의정부시,60대,958,1958,1331,555,709,976,1219
경기,의정부시,70대이상,538,996,838,274,327,457,599
경기,의정부시,기타,479,1333,201,237,81,96,124
경기,안양시,합계,10822,15982,8911,3283,4865,7019,10137
경기,안양시,20대이하,706,1084,780,237,277,308,453
경기,안양시,30대,2297,4309,2779,824,1651,2429,3548
경기,안양시,40대,2620,3771,1972,628,1117,1676,2361
경기,안양시,50대,2435,3235,1495,578,869,1237,1756
경기,안양시,60대,1391,2007,1004,514,615,911,1281
경기,안양시,70대이상,546,830,555,262,238,407,561
경기,안양시,기타,827,746,326,240,98,51,177
경기,만안구,합계,4613,5943,4351,2314,1944,2399,3413
경기,만안구,20대이하,266,383,385,135,125,105,160
경기,만안구,30대,913,1378,1008,450,566,694,1025
경기,만안구,40대,977,1285,835,443,362,483,677
경기,만안구,50대,1201,1306,892,434,403,503,694
경기,만안구,60대,707,886,610,450,316,399,556
경기,만안구,70대이상,253,393,370,205,118,187,251
경기,만안구,기타,296,312,251,197,54,28,50
경기,동안구,합계,6209,10039,4560,969,2921,4620,6724
경기,동안구,20대이하,440,701,395,102,152,203,293
경기,동안구,30대,1384,2931,1771,374,1085,1735,2523
경기,동안구,40대,1643,2486,1137,185,755,1193,1684
경기,동안구,50대,1234,1929,603,144,466,734,1062
경기,동안구,60대,684,1121,394,64,299,512,725
경기,동안구,70대이상,293,437,185,57,120,220,310
경기,동안구,기타,531,434,75,43,44,23,127
경기,부천시,합계,16139,22409,16919,8942,7197,8743,9787
경기,부천시,20대이하,713,1094,1429,622,352,348,367
경기,부천시,30대,3221,4691,3941,1652,1728,2020,2233
경기,부천시,40대,4068,5048,3543,1808,1537,2001,2280
경기,부천시,50대,4212,4994,3641,2030,1716,1989,2065
경기,부천시,60대,2397,3396,2560,1587,1226,1507,1729
경기,부천시,70대이상,803,1328,1148,614,454,624,785
경기,부천시,기타,725,1858,657,629,184,254,328
경기,원미구,합계,0,0,0,0,0,4493,4903
경기,원미구,20대이하,0,0,0,0,0,165,206
경기,원미구,30대,0,0,0,0,0,1174,1331
경기,원미구,40대,0,0,0,0,0,1156,1208
경기,원미구,50대,0,0,0,0,0,947,981
경기,원미구,60대,0,0,0,0,0,668,754
경기,원미구,70대이상,0,0,0,0,0,284,303
경기,원미구,기타,0,0,0,0,0,99,120
경기,소사구,합계,0,0,0,0,0,2482,3020
경기,소사구,20대이하,0,0,0,0,0,96,85
경기,소사구,30대,0,0,0,0,0,611,659
경기,소사구,40대,0,0,0,0,0,571,762
경기,소사구,50대,0,0,0,0,0,568,643
경기,소사구,60대,0,0,0,0,0,430,517
경기,소사구,70대이상,0,0,0,0,0,180,291
경기,소사구,기타,0,0,0,0,0,26,63
경기,오정구,합계,0,0,0,0,0,1768,1864
경기,오정구,20대이하,0,0,0,0,0,87,76
경기,오정구,30대,0,0,0,0,0,235,243
경기,오정구,40대,0,0,0,0,0,274,310
경기,오정구,50대,0,0,0,0,0,474,441
경기,오정구,60대,0,0,0,0,0,409,458
경기,오정구,70대이상,0,0,0,0,0,160,191
경기,오정구,기타,0,0,0,0,0,129,145
경기,광명시,합계,5850,9048,4313,1109,2548,3532,5251
경기,광명시,20대이하,372,624,431,108,167,159,279
경기,광명시,30대,1523,2780,1570,294,844,1164,2070
경기,광명시,40대,1467,2254,1004,194,613,884,1338
경기,광명시,50대,1219,1640,659,163,478,582,791
경기,광명시,60대,734,1014,418,99,248,429,511
경기,광명시,70대이상,303,474,193,43,110,168,250
경기,광명시,기타,232,262,38,208,88,146,12
경기,평택시,합계,5839,12783,16033,8649,8381,7822,8294
경기,평택시,20대이하,279,764,1445,717,537,392,435
경기,평택시,30대,1095,2854,3777,1728,2019,1852,2012
경기,평택시,40대,1455,3090,3999,1884,2131,1855,1925
경기,평택시,50대,1470,2545,3301,1885,1843,1812,1878
경기,평택시,60대,829,1494,2155,1056,1113,1173,1266
경기,평택시,70대이상,301,680,1057,474,436,428,568
경기,평택시,기타,410,1356,299,905,302,310,210
경기,동두천시,합계,1775,2833,3799,1239,1142,1549,1259
경기,동두천시,20대이하,78,118,203,61,52,48,38
경기,동두천시,30대,224,423,489,129,111,123,126
경기,동두천시,40대,418,656,806,191,233,305,214
경기,동두천시,50대,413,679,913,309,341,410,331
경기,동두천시,60대,297,469,709,258,244,318,294
경기,동두천시,70대이상,189,283,401,141,144,196,230
경기,동두천시,기타,156,205,278,150,17,149,26
경기,안산시,합계,10301,17472,13231,6893,7092,7986,7532
경기,안산시,20대이하,539,1054,1105,498,353,364,298
경기,안산시,30대,1850,3351,2858,1288,1550,1720,1720
경기,안산시,40대,2748,4167,2796,1213,1603,1714,1620
경기,안산시,50대,2682,4214,2883,1574,1827,2166,1875
경기,안산시,60대,1150,2251,1780,898,1067,1216,1349
경기,안산시,70대이상,520,757,772,374,396,442,443
경기,안산시,기타,812,1678,1037,1048,296,364,227
경기,상록구,합계,4661,8219,7274,4191,3473,3796,3856
경기,상록구,20대이하,248,485,574,301,144,162,136
경기,상록구,30대,635,1328,1288,617,583,679,668
경기,상록구,40대,1137,1761,1488,729,746,721,773
경기,상록구,50대,1245,2105,1715,1036,935,1087,1020
경기,상록구,60대,553,1204,1049,585,576,678,796
경기,상록구,70대이상,296,417,482,255,249,266,286
경기,상록구,기타,547,919,678,668,240,203,177
경기,단원구,합계,5640,9253,5957,2702,3619,4190,3676
경기,단원구,20대이하,291,569,531,197,209,202,162
경기,단원구,30대,1215,2023,1570,671,967,1041,1052
경기,단원구,40대,1611,2406,1308,484,857,993,847
경기,단원구,50대,1437,2109,1168,538,892,1079,855
경기,단원구,60대,597,1047,731,313,491,538,553
경기,단원구,70대이상,224,340,290,119,147,176,157
경기,단원구,기타,265,759,359,380,56,161,50
경기,고양시,합계,14038,29381,16549,6696,9283,11119,11753
경기,고양시,20대이하,719,1673,1387,576,395,354,339
경기,고양시,30대,2629,6246,4436,1703,2338,2512,2627
경기,고양시,40대,3946,7830,3870,1482,2205,2637,2659
경기,고양시,50대,3399,6599,3157,1351,2129,2601,2743
경기,고양시,60대,1818,3790,2210,966,1444,1779,2101
경기,고양시,70대이상,872,1996,1315,505,643,975,1093
경기,고양시,기타,655,1247,174,113,129,261,191
경기,덕양구,합계,6284,11995,7416,2992,4364,5160,5797
경기,덕양구,20대이하,378,730,586,209,195,158,173
경기,덕양구,30대,1226,2680,1937,664,1203,1283,1423
경기,덕양구,40대,1561,2880,1705,630,975,1189,1267
경기,덕양구,50대,1538,2637,1420,632,939,1123,1259
경기,덕양구,60대,870,1613,1093,523,698,810,1005
경기,덕양구,70대이상,404,901,600,279,310,473,523
경기,덕양구,기타,307,554,75,55,44,124,147
경기,일산동구,합계,2924,7197,3815,1648,2210,2757,2689
경기,일산동구,20대이하,131,381,346,167,74,91,57
경기,일산동구,30대,544,1461,938,426,521,557,555
경기,일산동구,40대,867,2060,930,371,557,680,637
경기,일산동구,50대,698,1634,739,341,505,655,666
경기,일산동구,60대,389,914,523,209,330,455,510
경기,일산동구,70대이상,176,443,279,107,153,209,242
경기,일산동구,기타,119,304,60,27,70,110,22
경기,일산서구,합계,4830,10189,5318,2056,2709,3202,3267
경기,일산서구,20대이하,210,562,455,200,126,105,109
경기,일산서구,30대,859,2105,1561,613,614,672,649
경기,일산서구,40대,1518,2890,1235,481,673,768,755
경기,일산서구,50대,1163,2328,998,378,685,823,818
경기,일산서구,60대,559,1263,594,234,416,514,586
경기,일산서구,70대이상,292,652,436,119,180,293,328
경기,일산서구,기타,229,389,39,31,15,27,22
경기,과천시,합계,630,539,440,208,708,1077,1274
경기,과천시,20대이하,18,15,12,14,28,14,16
경기,과천시,30대,131,122,109,67,173,262,289
경기,과천시,40대,205,160,121,38,234,323,382
경기,과천시,50대,165,121,89,37,154,245,232
경기,과천시,60대,59,69,57,26,75,133,144
경기,과천시,70대이상,29,31,27,11,34,95,73
경기,과천시,기타,23,21,25,15,10,5,138
경기,구리시,합계,3081,4672,2669,613,1079,2114,4237
경기,구리시,20대이하,167,256,217,50,52,70,147
경기,구리시,30대,724,1118,790,177,300,556,1109
경기,구리시,40대,852,1138,598,139,240,559,1067
경기,구리시,50대,713,1007,442,112,249,432,750
경기,구리시,60대,349,579,342,67,161,334,708
경기,구리시,70대이상,158,311,187,38,62,156,446
경기,구리시,기타,118,263,93,30,15,7,10
경기,남양주시,합계,10437,21030,13590,4827,6181,7927,9334
경기,남양주시,20대이하,462,991,929,317,264,243,246
경기,남양주시,30대,1736,3757,2742,810,1249,1510,1769
경기,남양주시,40대,2717,5647,3475,1008,1471,1915,2141
경기,남양주시,50대,2462,4955,3011,1195,1503,1923,2313
경기,남양주시,60대,1452,3100,2020,827,1059,1381,1766
경기,남양주시,70대이상,797,1549,1146,413,510,675,983
경기,남양주시,기타,811,1031,267,257,125,280,116
경기,오산시,합계,3201,8908,4929,1752,2903,3834,3452
경기,오산시,20대이하,124,413,407,123,130,165,126
경기,오산시,30대,752,1850,1216,420,763,1001,799
경기,오산시,40대,1003,2513,1343,407,744,1055,927
경기,오산시,50대,733,1793,890,363,593,777,764
경기,오산시,60대,328,1082,606,230,364,579,548
경기,오산시,70대이상,143,538,347,131,145,219,238
경기,오산시,기타,118,719,120,78,164,38,50
경기,시흥시,합계,7132,13976,11268,5694,6461,7173,9813
경기,시흥시,20대이하,431,890,1172,518,338,306,366
경기,시흥시,30대,1559,3194,2617,1318,1718,1774,2396
경기,시흥시,40대,1867,3484,2627,1267,1642,1802,2717
경기,시흥시,50대,1724,3240,2372,1268,1524,1747,2139
경기,시흥시,60대,860,1768,1539,862,878,1081,1539
경기,시흥시,70대이상,322,718,731,332,257,403,603
경기,시흥시,기타,369,682,210,129,104,60,53
경기,군포시,합계,3917,9158,5895,1433,2395,3056,3561
경기,군포시,20대이하,221,605,592,155,162,145,165
경기,군포시,30대,783,2088,1785,421,712,875,977
경기,군포시,40대,1047,2383,1281,268,543,678,806
경기,군포시,50대,897,1924,1053,258,519,653,799
경기,군포시,60대,495,1153,742,189,318,507,528
경기,군포시,70대이상,222,478,365,96,123,179,275
경기,군포시,기타,252,527,77,46,18,19,11
경기,의왕시,합계,3067,4704,2727,662,1551,1850,2399
경기,의왕시,20대이하,149,288,217,43,66,55,75
경기,의왕시,30대,630,1152,788,170,432,456,728
경기,의왕시,40대,757,1102,566,166,341,428,503
경기,의왕시,50대,765,1055,555,136,339,440,469
경기,의왕시,60대,450,704,401,85,244,313,402
경기,의왕시,70대이상,167,263,183,38,117,144,212
경기,의왕시,기타,149,140,17,24,12,14,10
경기,하남시,합계,2947,5409,4016,2080,2920,4399,6676
경기,하남시,20대이하,79,168,150,78,65,91,86
경기,하남시,30대,643,1100,1018,411,714,1012,1442
경기,하남시,40대,712,1241,1075,521,706,1226,1921
경기,하남시,50대,614,928,683,425,591,849,1289
경기,하남시,60대,527,781,564,324,402,716,1050
경기,하남시,70대이상,232,350,367,193,273,474,786
경기,하남시,기타,140,841,159,128,169,31,102
경기,용인시,합계,16329,32217,19622,6514,11589,14219,18438
경기,용인시,20대이하,546,1475,1101,443,468,478,561
경기,용인시,30대,3885,8485,5552,1578,3249,4043,5746
경기,용인시,40대,4697,8620,4974,1405,2983,3674,4619
경기,용인시,50대,3149,5899,3619,1398,2277,2863,3552
경기,용인시,60대,1892,3728,2306,839,1477,1788,2289
경기,용인시,70대이상,1111,2022,1427,477,822,1078,1469
경기,용인시,기타,1049,1988,643,374,313,295,202
경기,처인구,합계,3950,6829,6670,3202,3153,3458,3744
경기,처인구,20대이하,195,347,413,228,173,154,144
경기,처인구,30대,706,1266,1186,478,500,617,709
경기,처인구,40대,941,1625,1535,670,672,707,736
경기,처인구,50대,938,1502,1586,860,752,897,925
경기,처인구,60대,567,1054,1075,531,634,631,727
경기,처인구,70대이상,255,454,561,253,288,310,416
경기,처인구,기타,348,581,314,182,134,142,87
경기,기흥구,합계,6216,13414,7121,1869,4102,5027,6525
경기,기흥구,20대이하,191,667,450,130,168,186,209
경기,기흥구,30대,1422,3352,2224,583,1157,1376,1824
경기,기흥구,40대,1759,3567,1758,374,1014,1256,1546
경기,기흥구,50대,1247,2577,1185,328,885,1106,1425
경기,기흥구,60대,716,1659,722,193,494,651,915
경기,기흥구,70대이상,423,851,512,130,255,352,549
경기,기흥구,기타,458,741,270,131,129,100,57
경기,수지구,합계,6163,11974,5831,1443,4334,5734,8169
경기,수지구,20대이하,160,461,238,85,127,138,208
경기,수지구,30대,1757,3867,2142,517,1592,2050,3213
경기,수지구,40대,1997,3428,1681,361,1297,1711,2337
경기,수지구,50대,964,1820,848,210,640,860,1202
경기,수지구,60대,609,1015,509,115,349,506,647
경기,수지구,70대이상,433,717,354,94,279,416,504
경기,수지구,기타,243,666,59,61,50,53,58
경기,파주시,합계,5006,14592,10823,4377,4661,6237,6028
경기,파주시,20대이하,236,590,628,311,204,184,177
경기,파주시,30대,996,2803,2028,832,914,1226,1284
경기,파주시,40대,1477,4485,2808,882,1221,1708,1595
경기,파주시,50대,1090,3335,2510,1020,1163,1470,1407
경기,파주시,60대,613,1991,1636,717,747,1006,974
경기,파주시,70대이상,273,947,975,315,340,467,520
경기,파주시,기타,321,441,238,300,72,176,71
경기,이천시,합계,2647,3888,5907,3246,2125,2330,2229
경기,이천시,20대이하,146,212,377,207,107,99,95
경기,이천시,30대,564,804,1140,514,415,456,413
경기,이천시,40대,677,951,1382,700,521,563,458
경기,이천시,50대,572,823,1266,786,472,534,532
경기,이천시,60대,349,552,963,540,410,410,438
경기,이천시,70대이상,140,213,381,209,144,191,207
경기,이천시,기타,199,333,398,290,56,77,86
경기,안성시,합계,2629,4949,6406,3131,2528,3009,2884
경기,안성시,20대이하,128,241,393,206,123,134,142
경기,안성시,30대,381,752,1015,456,415,479,438
경기,안성시,40대,578,983,1506,681,536,742,586
경기,안성시,50대,607,1041,1346,758,644,795,736
경기,안성시,60대,328,800,1060,486,514,542,644
경기,안성시,70대이상,121,299,388,197,187,243,270
경기,안성시,기타,486,833,698,347,109,74,68
경기,김포시,합계,6996,17112,6096,2825,5481,7294,5453
경기,김포시,20대이하,223,633,354,134,221,178,147
경기,김포시,30대,1555,4875,1737,705,1487,1900,1327
경기,김포시,40대,1957,5359,1579,554,1540,2277,1478
경기,김포시,50대,1189,2831,1023,493,1059,1375,1089
경기,김포시,60대,813,1970,806,365,698,944,819
경기,김포시,70대이상,397,918,491,209,340,523,481
경기,김포시,기타,862,526,106,365,136,97,112
경기,화성시,합계,11981,23347,14966,6610,11117,13500,17347
경기,화성시,20대이하,536,1294,1160,434,645,567,696
경기,화성시,30대,3363,6596,4847,1777,3611,4099,5741
경기,화성시,40대,3655,6867,3843,1576,2871,3888,4761
경기,화성시,50대,2208,3745,2553,1323,2014,2604,3154
경기,화성시,60대,1177,2272,1603,892,1348,1516,1965
경기,화성시,70대이상,363,914,747,323,481,616,807
경기,화성시,기타,679,1659,213,285,147,210,223
경기,만세구,합계,0,0,0,0,0,0,0
경기,만세구,20대이하,0,0,0,0,0,0,0
경기,만세구,30대,0,0,0,0,0,0,0
경기,만세구,40대,0,0,0,0,0,0,0
경기,만세구,50대,0,0,0,0,0,0,0
경기,만세구,60대,0,0,0,0,0,0,0
경기,만세구,70대이상,0,0,0,0,0,0,0
경기,만세구,기타,0,0,0,0,0,0,0
경기,효행구,합계,0,0,0,0,0,0,0
경기,효행구,20대이하,0,0,0,0,0,0,0
경기,효행구,30대,0,0,0,0,0,0,0
경기,효행구,40대,0,0,0,0,0,0,0
경기,효행구,50대,0,0,0,0,0,0,0
경기,효행구,60대,0,0,0,0,0,0,0
경기,효행구,70대이상,0,0,0,0,0,0,0
경기,효행구,기타,0,0,0,0,0,0,0
경기,병점구,합계,0,0,0,0,0,0,0
경기,병점구,20대이하,0,0,0,0,0,0,0
경기,병점구,30대,0,0,0,0,0,0,0
경기,병점구,40대,0,0,0,0,0,0,0
경기,병점구,50대,0,0,0,0,0,0,0
경기,병점구,60대,0,0,0,0,0,0,0
경기,병점구,70대이상,0,0,0,0,0,0,0
경기,병점구,기타,0,0,0,0,0,0,0
경기,동탄구,합계,0,0,0,0,0,0,0
경기,동탄구,20대이하,0,0,0,0,0,0,0
경기,동탄구,30대,0,0,0,0,0,0,0
경기,동탄구,40대,0,0,0,0,0,0,0
경기,동탄구,50대,0,0,0,0,0,0,0
경기,동탄구,60대,0,0,0,0,0,0,0
경기,동탄구,70대이상,0,0,0,0,0,0,0
경기,동탄구,기타,0,0,0,0,0,0,0
경기,광주시,합계,6168,10853,9352,4999,3761,4489,5239
경기,광주시,20대이하,323,527,591,344,192,183,201
경기,광주시,30대,1021,2064,1702,885,714,820,950
경기,광주시,40대,1569,2657,1990,1075,801,953,1133
경기,광주시,50대,1494,2479,2258,1287,959,1202,1233
경기,광주시,60대,902,1876,1716,903,713,894,1109
경기,광주시,70대이상,342,737,859,414,290,373,518
경기,광주시,기타,517,513,236,91,92,64,95
경기,양주시,합계,3513,6098,4721,2018,3136,3241,3632
경기,양주시,20대이하,172,316,278,116,162,137,128
경기,양주시,30대,597,1042,760,321,642,666,670
경기,양주시,40대,851,1680,1092,424,743,768,809
경기,양주시,50대,792,1365,1157,468,749,756,908
경기,양주시,60대,496,1000,879,423,533,603,691
경기,양주시,70대이상,216,495,501,198,223,282,381
경기,양주시,기타,389,200,54,68,84,29,45
경기,포천시,합계,1762,2499,3206,1860,1497,1473,1616
경기,포천시,20대이하,79,100,139,69,57,45,47
경기,포천시,30대,215,278,386,190,162,146,172
경기,포천시,40대,373,469,623,330,265,243,238
경기,포천시,50대,481,767,906,537,454,438,409
경기,포천시,60대,342,472,745,490,385,384,427
경기,포천시,70대이상,103,210,289,158,118,162,170
경기,포천시,기타,169,203,118,86,56,55,153
경기,여주시,합계,1478,2287,3242,1899,1606,1624,1500
경기,여주시,20대이하,78,94,149,64,37,51,35
경기,여주시,30대,184,272,400,216,178,213,177
경기,여주시,40대,301,433,730,349,287,271,274
경기,여주시,50대,383,580,748,449,436,474,373
경기,여주시,60대,280,489,608,389,399,380,418
경기,여주시,70대이상,106,215,291,162,137,180,169
경기,여주시,기타,146,204,316,270,132,55,54
경기,연천군,합계,400,601,836,570,397,445,396
경기,연천군,20대이하,10,19,25,12,7,5,7
경기,연천군,30대,34,45,85,47,39,35,34
경기,연천군,40대,72,106,165,98,66,58,44
경기,연천군,50대,118,150,239,134,111,117,106
경기,연천군,60대,88,144,215,125,110,141,113
경기,연천군,70대이상,52,67,93,59,52,68,82
경기,연천군,기타,26,70,14,95,12,21,10
경기,가평군,합계,961,1224,1419,909,764,832,851
경기,가평군,20대이하,26,43,47,25,12,31,17
경기,가평군,30대,126,128,147,68,71,79,100
경기,가평군,40대,203,227,267,162,136,129,122
경기,가평군,50대,246,309,332,241,208,212,224
경기,가평군,60대,181,239,342,212,199,227,247
경기,가평군,70대이상,80,132,159,123,77,103,125
경기,가평군,기타,99,146,125,78,61,51,16
경기,양평군,합계,1890,2924,3494,1901,1316,1600,1586
경기,양평군,20대이하,67,86,108,68,46,38,47
경기,양평군,30대,197,311,386,172,120,150,168
경기,양평군,40대,412,608,686,348,214,222,242
경기,양평군,50대,498,767,923,515,351,407,362
경기,양평군,60대,425,711,824,472,385,448,445
경기,양평군,70대이상,150,288,468,235,157,234,246
경기,양평군,기타,141,153,99,91,43,101,76
강원,,합계,22454,35524,41405,25682,22966,25059,23203
강원,,20대이하,802,1389,1794,991,871,840,798
강원,,30대,3403,5754,6312,3728,3829,4378,4135
강원,,40대,5515,8360,9849,5504,4927,5044,4659
강원,,50대,5768,8639,9844,6620,5920,6399,5848
강원,,60대,3906,6063,7648,5131,4828,5111,4915
강원,,70대이상,1475,2419,3157,2068,1747,2265,2277
강원,,기타,1585,2900,2801,1640,844,1022,571
강원,춘천시,합계,3351,5951,7175,4439,4117,4660,4408
강원,춘천시,20대이하,149,247,348,220,199,187,156
강원,춘천시,30대,611,1112,1260,786,963,1140,1071
강원,춘천시,40대,885,1569,1803,964,950,1034,938
강원,춘천시,50대,840,1405,1659,1079,956,1050,996
강원,춘천시,60대,468,919,1157,749,716,734,786
강원,춘천시,70대이상,210,378,484,358,265,355,371
강원,춘천시,기타,188,321,464,283,68,160,90
강원,원주시,합계,4732,10044,12967,6502,6480,6673,6606
강원,원주시,20대이하,192,459,648,299,276,275,272
강원,원주시,30대,873,1914,2495,1074,1344,1458,1496
강원,원주시,40대,1353,2334,3175,1410,1500,1396,1399
강원,원주시,50대,1223,2083,2707,1591,1597,1606,1546
강원,원주시,60대,690,1289,1958,1075,1164,1201,1219
강원,원주시,70대이상,259,523,840,450,451,511,546
강원,원주시,기타,142,1442,1144,603,148,226,128
강원,강릉시,합계,3679,5679,5374,3106,2477,2885,3006
강원,강릉시,20대이하,132,210,260,122,79,97,108
강원,강릉시,30대,554,872,736,472,356,524,489
강원,강릉시,40대,941,1464,1329,726,503,605,618
강원,강릉시,50대,938,1414,1314,790,660,734,786
강원,강릉시,60대,656,1004,1014,571,517,592,590
강원,강릉시,70대이상,265,427,479,253,223,266,307
강원,강릉시,기타,193,288,242,172,139,67,108
강원,동해시,합계,1111,1866,2127,1571,1521,1644,1407
강원,동해시,20대이하,32,54,94,53,53,56,40
강원,동해시,30대,161,290,266,204,193,231,204
강원,동해시,40대,262,489,542,380,384,359,293
강원,동해시,50대,296,530,605,397,423,508,390
강원,동해시,60대,239,350,372,329,285,307,311
강원,동해시,70대이상,73,116,158,127,126,157,138
강원,동해시,기타,48,37,90,81,57,26,31
강원,태백시,합계,896,922,924,810,843,763,698
강원,태백시,20대이하,25,41,29,30,38,13,23
강원,태백시,30대,166,132,118,114,79,59,56
강원,태백시,40대,218,231,232,167,176,161,129
강원,태백시,50대,208,232,258,247,252,238,211
강원,태백시,60대,165,152,190,172,211,197,184
강원,태백시,70대이상,83,81,65,64,68,77,85
강원,태백시,기타,31,53,32,16,19,18,10
강원,속초시,합계,1869,3109,3611,1732,1331,1463,1336
강원,속초시,20대이하,66,124,142,71,54,49,43
강원,속초시,30대,256,455,440,276,216,254,231
강원,속초시,40대,446,710,884,386,277,295,262
강원,속초시,50대,440,758,885,450,327,377,327
강원,속초시,60대,343,539,593,330,294,307,306
강원,속초시,70대이상,112,237,270,139,113,135,129
강원,속초시,기타,206,286,397,80,50,46,38
강원,삼척시,합계,821,983,1055,1241,768,1150,854
강원,삼척시,20대이하,31,38,44,33,23,24,31
강원,삼척시,30대,98,170,135,176,82,134,129
강원,삼척시,40대,186,229,228,318,163,237,165
강원,삼척시,50대,223,253,285,345,239,329,261
강원,삼척시,60대,151,195,245,255,188,258,161
강원,삼척시,70대이상,76,66,91,93,56,147,98
강원,삼척시,기타,56,32,27,21,17,21,9
강원,홍천군,합계,1024,1189,1370,1049,910,996,844
강원,홍천군,20대이하,36,32,34,33,24,20,26
강원,홍천군,30대,145,151,147,85,103,113,82
강원,홍천군,40대,219,208,269,191,162,148,142
강원,홍천군,50대,254,330,348,278,222,276,212
강원,홍천군,60대,220,323,375,317,251,254,249
강원,홍천군,70대이상,62,103,144,100,81,105,109
강원,홍천군,기타,88,42,53,45,67,80,24
강원,횡성군,합계,810,1023,1199,860,773,853,758
강원,횡성군,20대이하,20,17,18,12,21,20,17
강원,횡성군,30대,72,99,104,61,62,60,39
강원,횡성군,40대,139,157,186,126,109,128,116
강원,횡성군,50대,260,294,367,244,227,240,193
강원,횡성군,60대,224,299,348,285,252,286,260
강원,횡성군,70대이상,61,123,146,99,68,97,115
강원,횡성군,기타,34,34,30,33,34,22,18
강원,영월군,합계,521,574,798,666,537,573,460
강원,영월군,20대이하,13,12,24,9,10,14,16
강원,영월군,30대,62,69,64,70,65,71,60
강원,영월군,40대,98,107,178,110,100,88,83
강원,영월군,50대,150,155,235,195,150,162,121
강원,영월군,60대,124,121,203,189,153,160,118
강원,영월군,70대이상,44,49,53,74,41,56,52
강원,영월군,기타,30,61,41,19,18,22,10
강원,평창군,합계,1164,1429,1401,1179,962,1158,929
강원,평창군,20대이하,24,50,34,22,25,20,26
강원,평창군,30대,126,156,149,120,89,76,49
강원,평창군,40대,246,265,259,209,153,137,155
강원,평창군,50대,319,383,318,320,281,235,283
강원,평창군,60대,209,284,355,315,264,290,239
강원,평창군,70대이상,55,108,151,99,73,132,117
강원,평창군,기타,185,183,135,94,77,268,60
강원,정선군,합계,497,499,587,442,547,509,413
강원,정선군,20대이하,17,19,15,10,17,10,10
강원,정선군,30대,60,58,51,42,64,39,39
강원,정선군,40대,132,115,114,96,116,89,86
강원,정선군,50대,130,165,189,127,159,158,121
강원,정선군,60대,103,100,129,120,141,142,124
강원,정선군,70대이상,26,28,56,31,36,54,30
강원,정선군,기타,29,14,33,16,14,17,3
강원,철원군,합계,376,437,443,372,390,408,308
강원,철원군,20대이하,12,25,15,12,9,17,9
강원,철원군,30대,52,48,57,30,51,51,26
강원,철원군,40대,72,91,91,59,92,80,51
강원,철원군,50대,117,140,116,94,107,109,88
강원,철원군,60대,74,91,115,80,84,83,82
강원,철원군,70대이상,38,31,34,36,44,60,45
강원,철원군,기타,11,11,15,61,3,8,7
강원,화천군,합계,196,178,203,196,168,137,120
강원,화천군,20대이하,10,12,10,9,6,2,1
강원,화천군,30대,30,20,26,23,21,12,12
강원,화천군,40대,35,40,47,37,29,28,21
강원,화천군,50대,61,48,52,62,40,44,42
강원,화천군,60대,40,44,49,43,50,35,36
강원,화천군,70대이상,13,8,15,17,17,14,7
강원,화천군,기타,7,6,4,5,5,2,1
강원,양구군,합계,282,240,252,218,170,143,158
강원,양구군,20대이하,15,7,12,4,4,5,4
강원,양구군,30대,28,46,45,45,21,16,23
강원,양구군,40대,54,50,60,38,37,26,32
강원,양구군,50대,50,70,61,57,47,47,42
강원,양구군,60대,26,48,51,51,33,32,36
강원,양구군,70대이상,9,11,20,21,15,14,14
강원,양구군,기타,100,8,3,2,13,3,7
강원,인제군,합계,252,325,425,354,261,274,263
강원,인제군,20대이하,11,14,12,18,10,9,3
강원,인제군,30대,29,54,32,38,38,29,45
강원,인제군,40대,58,54,62,80,42,62,49
강원,인제군,50대,72,100,97,89,71,81,70
강원,인제군,60대,41,70,175,68,70,67,56
강원,인제군,70대이상,24,22,32,26,17,21,34
강원,인제군,기타,17,11,15,35,13,5,6
강원,고성군,합계,400,422,639,346,359,369,274
강원,고성군,20대이하,9,11,24,17,11,9,5
강원,고성군,30대,37,40,81,39,38,59,42
강원,고성군,40대,60,94,170,70,49,84,52
강원,고성군,50대,71,116,155,90,80,100,74
강원,고성군,60대,60,99,142,81,70,82,70
강원,고성군,70대이상,25,41,40,38,26,21,26
강원,고성군,기타,138,21,27,11,85,14,5
강원,양양군,합계,473,654,855,599,352,401,361
강원,양양군,20대이하,8,17,31,17,12,13,8
강원,양양군,30대,43,68,106,73,44,52,42
강원,양양군,40대,111,153,220,137,85,87,68
강원,양양군,50대,116,163,193,165,82,105,85
강원,양양군,60대,73,136,177,101,85,84,88
강원,양양군,70대이상,40,67,79,43,27,43,54
강원,양양군,기타,82,50,49,63,17,17,16
충북,,합계,24290,38491,41183,25359,25684,25772,27495
충북,,20대이하,1173,1802,2095,1297,1094,933,981
충북,,30대,4456,7474,7101,3752,5013,5052,5477
충북,,40대,5950,9529,9257,5150,5833,5361,5972
충북,,50대,5852,8345,8756,6039,6350,6254,6790
충북,,60대,3400,5758,6944,4558,4595,4937,5354
충북,,70대이상,1305,2229,2896,2018,1805,1962,2272
충북,,기타,2154,3354,4134,2545,994,1273,649
충북,청주시,합계,12938,21798,21596,11479,13320,13788,15961
충북,청주시,20대이하,709,1099,1260,724,618,533,627
충북,청주시,30대,2892,4623,4290,2135,3098,3251,3829
충북,청주시,40대,3507,5504,4826,2564,3207,3073,3758
충북,청주시,50대,2817,4312,4016,2504,3095,3155,3727
충북,청주시,60대,1467,2754,2874,1671,2056,2248,2625
충북,청주시,70대이상,631,1103,1418,807,817,887,1106
충북,청주시,기타,915,2403,2912,1074,429,641,289
충북,상당구,합계,2563,3830,4516,2569,2848,2967,3433
충북,상당구,20대이하,150,173,201,130,121,95,106
충북,상당구,30대,481,740,781,437,606,692,766
충북,상당구,40대,687,996,1057,583,660,682,806
충북,상당구,50대,624,906,909,556,695,691,843
충북,상당구,60대,337,567,669,412,482,538,621
충북,상당구,70대이상,154,211,308,180,229,200,258
충북,상당구,기타,130,237,591,271,55,69,33
충북,서원구,합계,2910,5091,6395,2950,3171,3110,3277
충북,서원구,20대이하,161,234,380,190,143,102,115
충북,서원구,30대,493,904,1151,508,619,599,629
충북,서원구,40대,820,1309,1405,646,762,674,716
충북,서원구,50대,648,1005,1124,596,787,767,838
충북,서원구,60대,368,718,829,391,483,550,629
충북,서원구,70대이상,169,322,431,238,217,262,299
충북,서원구,기타,251,599,1075,381,160,156,51
충북,흥덕구,합계,4683,8354,6655,3440,4582,4801,5509
충북,흥덕구,20대이하,244,447,452,232,226,201,272
충북,흥덕구,30대,1167,1894,1380,689,1171,1249,1627
충북,흥덕구,40대,1285,2024,1415,759,1098,1047,1291
충북,흥덕구,50대,992,1588,1227,764,997,1040,1108
충북,흥덕구,60대,479,961,784,502,695,698,761
충북,흥덕구,70대이상,211,366,400,210,234,240,311
충북,흥덕구,기타,305,1074,997,284,161,326,139
충북,청원구,합계,2782,4523,4030,2520,2719,2910,3742
충북,청원구,20대이하,154,245,227,172,128,135,134
충북,청원구,30대,751,1085,978,501,702,711,807
충북,청원구,40대,715,1175,949,576,687,670,945
충북,청원구,50대,553,813,756,588,616,657,938
충북,청원구,60대,283,508,592,366,396,462,614
충북,청원구,70대이상,97,204,279,179,137,185,238
충북,청원구,기타,229,493,249,138,53,90,66
충북,충주시,합계,3372,6245,7264,4555,4304,3906,3560
충북,충주시,20대이하,150,289,350,214,175,155,125
충북,충주시,30대,478,1136,1113,559,815,691,598
충북,충주시,40대,753,1455,1660,834,981,833,684
충북,충주시,50대,969,1415,1591,1068,1103,996,951
충북,충주시,60대,580,1059,1334,813,792,781,775
충북,충주시,70대이상,224,395,490,418,283,320,340
충북,충주시,기타,218,496,726,649,155,130,87
충북,제천시,합계,2127,3139,3688,2495,2213,2453,2389
충북,제천시,20대이하,75,131,188,106,97,98,83
충북,제천시,30대,332,580,555,344,335,422,355
충북,제천시,40대,473,787,795,504,431,466,500
충북,제천시,50대,477,770,950,657,652,693,609
충북,제천시,60대,358,565,743,536,472,520,578
충북,제천시,70대이상,121,201,302,219,193,216,230
충북,제천시,기타,291,105,155,129,33,38,34
충북,보은군,합계,694,556,453,553,385,530,333
충북,보은군,20대이하,13,16,12,15,17,10,5
충북,보은군,30대,42,81,61,56,37,36,48
충북,보은군,40대,65,125,94,82,73,77,41
충북,보은군,50대,84,154,117,112,98,95,101
충북,보은군,60대,70,134,110,118,92,128,83
충북,보은군,70대이상,31,33,48,46,46,40,43
충북,보은군,기타,389,13,11,124,22,144,12
충북,옥천군,합계,503,698,974,582,527,516,611
충북,옥천군,20대이하,17,22,30,18,14,11,23
충북,옥천군,30대,58,106,126,62,59,42,63
충북,옥천군,40대,103,135,199,109,107,89,105
충북,옥천군,50대,150,200,247,165,133,129,161
충북,옥천군,60대,114,150,226,163,144,157,182
충북,옥천군,70대이상,47,60,100,55,60,66,70
충북,옥천군,기타,14,25,46,10,10,22,7
충북,영동군,합계,568,589,701,645,452,566,474
충북,영동군,20대이하,40,28,20,34,18,14,12
충북,영동군,30대,64,74,93,59,36,66,39
충북,영동군,40대,85,118,124,106,79,88,71
충북,영동군,50대,191,158,200,180,125,167,146
충북,영동군,60대,112,124,194,168,126,144,132
충북,영동군,70대이상,39,63,49,55,50,71,59
충북,영동군,기타,37,24,21,43,18,16,15
충북,증평군,합계,393,1054,1037,917,683,616,553
충북,증평군,20대이하,22,30,36,39,25,16,20
충북,증평군,30대,76,173,137,84,93,103,85
충북,증평군,40대,100,318,239,144,119,136,112
충북,증평군,50대,98,246,246,176,146,135,135
충북,증평군,60대,66,163,229,177,135,115,119
충북,증평군,70대이상,25,64,80,76,54,58,54
충북,증평군,기타,6,60,70,221,111,53,28
충북,진천군,합계,1248,1605,2266,1496,1678,1268,1477
충북,진천군,20대이하,51,88,73,72,65,38,30
충북,진천군,30대,208,338,343,197,320,207,251
충북,진천군,40대,349,453,710,335,439,265,330
충북,진천군,50대,386,354,509,402,434,320,360
충북,진천군,60대,151,200,459,307,275,249,267
충북,진천군,70대이상,57,89,125,94,88,78,153
충북,진천군,기타,46,83,47,89,57,111,86
충북,괴산군,합계,438,517,527,446,293,317,350
충북,괴산군,20대이하,6,6,9,8,7,4,3
충북,괴산군,30대,31,34,28,27,18,20,13
충북,괴산군,40대,74,83,73,59,45,52,43
충북,괴산군,50대,143,154,176,157,64,76,99
충북,괴산군,60대,114,147,171,134,103,114,124
충북,괴산군,70대이상,29,53,54,43,41,34,49
충북,괴산군,기타,41,40,16,18,15,17,19
충북,음성군,합계,1577,1897,2168,1807,1409,1443,1449
충북,음성군,20대이하,68,90,100,59,49,44,45
충북,음성군,30대,219,286,316,200,169,180,162
충북,음성군,40대,358,465,456,358,285,228,278
충북,음성군,50대,412,473,525,495,371,385,408
충북,음성군,60대,255,362,460,360,297,379,369
충북,음성군,70대이상,81,130,195,169,119,146,123
충북,음성군,기타,184,91,116,166,119,81,64
충북,단양군,합계,432,393,509,384,420,369,338
충북,단양군,20대이하,22,3,17,8,9,10,8
충북,단양군,30대,56,43,39,29,33,34,34
충북,단양군,40대,83,86,81,55,67,54,50
충북,단양군,50대,125,109,179,123,129,103,93
충북,단양군,60대,113,100,144,111,103,102,100
충북,단양군,70대이상,20,38,35,36,54,46,45
충북,단양군,기타,13,14,14,22,25,20,8
충남,,합계,35773,51312,53858,32187,31238,33161,33265
충남,,20대이하,1457,2452,2825,1515,1259,1234,1262
충남,,30대,7620,10545,9717,4850,5576,6017,6082
충남,,40대,9730,12961,12343,6829,7045,7457,7107
충남,,50대,7768,10770,11602,8024,7712,8131,8223
충남,,60대,4806,7543,9170,6277,5874,6469,6638
충남,,70대이상,1789,3231,4113,2659,2403,2761,2910
충남,,기타,2603,3810,4088,2033,1369,1092,1043
충남,천안시,합계,14235,21565,18257,10745,11659,11900,11654
충남,천안시,20대이하,596,1240,1140,643,556,525,525
충남,천안시,30대,3522,5259,3545,1981,2615,2546,2493
충남,천안시,40대,4202,5718,4059,2443,2885,2769,2588
충남,천안시,50대,2755,4079,3581,2462,2723,2893,2927
충남,천안시,60대,1535,2507,2608,1722,1825,1905,2051
충남,천안시,70대이상,509,1036,1275,736,701,813,831
충남,천안시,기타,1116,1726,2049,758,354,449,239
충남,동남구,합계,4777,8044,6652,4355,4020,4372,4190
충남,동남구,20대이하,206,453,388,230,176,181,172
충남,동남구,30대,885,1599,1075,647,701,748,737
충남,동남구,40대,1260,2075,1447,861,877,886,834
충남,동남구,50대,1024,1739,1502,1052,992,1191,1125
충남,동남구,60대,639,1071,1081,784,788,854,904
충남,동남구,70대이상,212,476,510,331,322,386,351
충남,동남구,기타,551,631,649,450,164,126,67
충남,서북구,합계,9458,13521,11605,6390,7639,7528,7464
충남,서북구,20대이하,390,787,752,413,380,344,353
충남,서북구,30대,2637,3660,2470,1334,1914,1798,1756
충남,서북구,40대,2942,3643,2612,1582,2008,1883,1754
충남,서북구,50대,1731,2340,2079,1410,1731,1702,1802
충남,서북구,60대,896,1436,1527,938,1037,1051,1147
충남,서북구,70대이상,297,560,765,405,379,427,480
충남,서북구,기타,565,1095,1400,308,190,323,172
충남,공주시,합계,1259,2458,1860,1143,1049,1155,1385
충남,공주시,20대이하,60,125,104,53,32,35,28
충남,공주시,30대,146,360,218,130,128,143,183
충남,공주시,40대,312,582,376,173,188,211,301
충남,공주시,50대,314,617,455,282,249,294,366
충남,공주시,60대,235,500,391,268,250,292,322
충남,공주시,70대이상,111,194,185,123,103,131,140
충남,공주시,기타,81,80,131,114,99,49,45
충남,보령시,합계,1343,1642,1701,1258,1201,1205,1177
충남,보령시,20대이하,51,81,72,61,52,44,33
충남,보령시,30대,163,253,258,162,168,158,172
충남,보령시,40대,318,355,369,235,273,259,212
충남,보령시,50대,376,407,426,346,307,283,290
충남,보령시,60대,236,318,350,294,258,270,269
충남,보령시,70대이상,95,155,167,117,116,118,125
충남,보령시,기타,104,73,59,43,27,73,76
충남,아산시,합계,7297,9722,12427,6285,5923,6761,6493
충남,아산시,20대이하,300,435,708,281,261,250,270
충남,아산시,30대,1940,2165,2514,943,1214,1536,1354
충남,아산시,40대,2226,2650,3092,1494,1564,1753,1567
충남,아산시,50대,1321,1887,2552,1616,1499,1543,1503
충남,아산시,60대,733,1191,1824,1052,909,1145,1103
충남,아산시,70대이상,272,516,803,433,358,425,476
충남,아산시,기타,505,878,934,466,118,109,220
충남,서산시,합계,2373,3348,4769,3053,2679,2864,2883
충남,서산시,20대이하,104,139,266,146,108,108,113
충남,서산시,30대,444,619,982,522,410,490,543
충남,서산시,40대,531,760,1155,631,491,686,602
충남,서산시,50대,564,692,1068,742,607,680,700
충남,서산시,60대,370,472,790,628,506,564,582
충남,서산시,70대이상,120,202,327,247,204,248,280
충남,서산시,기타,240,464,181,137,353,88,63
충남,논산시,합계,1306,1769,1791,1339,1145,1239,1307
충남,논산시,20대이하,51,73,69,33,38,39,39
충남,논산시,30대,191,279,264,167,168,192,203
충남,논산시,40대,327,416,361,290,239,252,257
충남,논산시,50대,322,430,437,357,302,316,327
충남,논산시,60대,261,369,416,305,255,284,326
충남,논산시,70대이상,119,152,185,140,105,125,132
충남,논산시,기타,35,50,59,47,38,31,23
충남,계룡시,합계,809,1240,1053,399,847,722,729
충남,계룡시,20대이하,24,57,38,19,28,31,25
충남,계룡시,30대,124,165,115,44,99,104,109
충남,계룡시,40대,220,326,288,107,162,136,136
충남,계룡시,50대,243,351,292,100,248,201,210
충남,계룡시,60대,129,206,202,81,205,180,170
충남,계룡시,70대이상,56,111,103,38,89,64,71
충남,계룡시,기타,13,24,15,10,16,6,8
충남,당진시,합계,1955,2405,4060,2535,2159,2457,2891
충남,당진시,20대이하,85,77,170,129,60,80,95
충남,당진시,30대,412,461,784,400,318,401,530
충남,당진시,40대,486,653,997,578,451,571,627
충남,당진시,50대,498,524,769,629,560,603,657
충남,당진시,60대,274,381,624,443,443,513,509
충남,당진시,70대이상,88,171,269,195,165,205,223
충남,당진시,기타,112,138,447,161,162,84,250
충남,금산군,합계,662,905,891,669,581,589,518
충남,금산군,20대이하,25,29,28,22,18,17,22
충남,금산군,30대,103,93,98,57,51,51,40
충남,금산군,40대,165,159,202,113,102,100,92
충남,금산군,50대,168,234,241,235,155,160,147
충남,금산군,60대,124,216,205,156,149,149,118
충남,금산군,70대이상,53,85,88,59,62,89,74
충남,금산군,기타,24,89,29,27,44,23,25
충남,부여군,합계,644,890,826,669,555,584,543
충남,부여군,20대이하,20,22,23,22,13,14,13
충남,부여군,30대,60,91,69,55,60,71,51
충남,부여군,40대,113,156,161,99,101,85,97
충남,부여군,50대,198,246,223,180,158,155,137
충남,부여군,60대,157,233,236,206,137,176,170
충남,부여군,70대이상,82,118,89,79,69,66,69
충남,부여군,기타,14,24,25,28,17,17,6
충남,서천군,합계,591,795,735,669,493,594,581
충남,서천군,20대이하,10,19,24,18,16,16,17
충남,서천군,30대,38,79,63,39,47,43,40
충남,서천군,40대,94,126,118,96,65,90,73
충남,서천군,50대,136,203,212,198,114,168,148
충남,서천군,60대,129,197,209,219,159,179,185
충남,서천군,70대이상,47,79,83,83,76,83,107
충남,서천군,기타,137,92,26,16,16,15,11
충남,청양군,합계,238,272,264,259,205,175,174
충남,청양군,20대이하,8,2,5,12,4,6,3
충남,청양군,30대,30,39,24,24,17,9,17
충남,청양군,40대,43,48,47,34,29,18,25
충남,청양군,50대,79,71,75,70,59,50,58
충남,청양군,60대,57,65,64,67,67,44,46
충남,청양군,70대이상,18,39,26,27,22,34,21
충남,청양군,기타,3,8,23,25,7,14,4
충남,홍성군,합계,1209,1970,2558,1127,951,1137,1246
충남,홍성군,20대이하,63,82,104,26,26,27,32
충남,홍성군,30대,222,411,511,143,131,140,169
충남,홍성군,40대,291,553,635,197,162,225,249
충남,홍성군,50대,290,404,575,278,242,293,316
충남,홍성군,60대,213,311,483,268,219,259,298
충남,홍성군,70대이상,78,155,208,127,108,136,149
충남,홍성군,기타,52,54,42,88,63,57,33
충남,예산군,합계,990,1166,1380,1056,926,953,978
충남,예산군,20대이하,33,39,41,32,19,28,30
충남,예산군,30대,130,158,132,91,67,75,105
충남,예산군,40대,189,230,267,184,182,165,178
충남,예산군,50대,253,297,339,261,241,239,258
충남,예산군,60대,180,269,400,305,260,276,259
충남,예산군,70대이상,77,119,167,137,128,139,127
충남,예산군,기타,128,54,34,46,29,31,21
충남,태안군,합계,862,1165,1286,981,865,826,706
충남,태안군,20대이하,27,32,33,18,28,14,17
충남,태안군,30대,95,113,140,92,83,58,73
충남,태안군,40대,213,229,216,155,151,137,103
충남,태안군,50대,251,328,357,268,248,253,179
충남,태안군,60대,173,308,368,263,232,233,230
충남,태안군,70대이상,64,99,138,118,97,85,85
충남,태안군,기타,39,56,34,67,26,46,19
전북,,합계,26856,41476,38702,25598,22434,26195,27162
전북,,20대이하,1215,1702,1799,1173,888,966,1042
전북,,30대,5009,7592,6165,3745,3965,5017,5297
전북,,40대,7151,11028,8932,5666,5185,6063,6204
전북,,50대,6238,9317,8750,6069,5698,6471,6715
전북,,60대,3633,5949,6234,4593,4167,4847,4856
전북,,70대이상,1602,2819,3067,2160,1821,2177,2244
전북,,기타,2008,3069,3755,2192,710,654,804
전북,전주시,합계,10587,19094,15425,10070,9267,11651,13154
전북,전주시,20대이하,480,820,817,553,389,440,510
전북,전주시,30대,2225,3871,2825,1843,2155,2804,3055
전북,전주시,40대,2945,5282,3476,2224,2307,2897,3284
전북,전주시,50대,2379,4093,3315,2059,2124,2689,2981
전북,전주시,60대,1312,2449,2182,1457,1448,1717,1850
전북,전주시,70대이상,616,1260,1181,856,650,819,955
전북,전주시,기타,630,1319,1629,1078,194,285,519
전북,완산구,합계,4916,9657,7798,5224,4370,5706,6113
전북,완산구,20대이하,223,418,370,286,201,224,270
전북,완산구,30대,920,1781,1275,899,837,1225,1349
전북,완산구,40대,1311,2559,1707,1092,1068,1335,1472
전북,완산구,50대,1174,2229,1669,1032,1059,1355,1439
전북,완산구,60대,686,1318,1147,798,753,906,959
전북,완산구,70대이상,319,700,644,479,342,446,488
전북,완산구,기타,283,652,986,638,110,215,136
전북,덕진구,합계,5671,9437,7627,4846,4897,5945,7041
전북,덕진구,20대이하,257,402,447,267,188,216,240
전북,덕진구,30대,1305,2090,1550,944,1318,1579,1706
전북,덕진구,40대,1634,2723,1769,1132,1239,1562,1812
전북,덕진구,50대,1205,1864,1646,1027,1065,1334,1542
전북,덕진구,60대,626,1131,1035,659,695,811,891
전북,덕진구,70대이상,297,560,537,377,308,373,467
전북,덕진구,기타,347,667,643,440,84,70,383
전북,군산시,합계,4437,6710,8290,4801,4272,4195,4057
전북,군산시,20대이하,187,244,375,175,159,142,142
전북,군산시,30대,832,1267,1394,578,637,697,711
전북,군산시,40대,1248,1892,2126,1162,1040,1032,945
전북,군산시,50대,940,1463,1884,1170,1161,1045,1074
전북,군산시,60대,591,960,1349,860,766,794,786
전북,군산시,70대이상,235,409,575,346,327,348,329
전북,군산시,기타,404,475,587,510,182,137,70
전북,익산시,합계,4595,6507,6859,4685,3208,3636,3647
전북,익산시,20대이하,270,301,321,218,137,165,142
전북,익산시,30대,865,1024,943,610,415,519,556
전북,익산시,40대,1119,1733,1544,1059,683,792,782
전북,익산시,50대,1130,1639,1509,1161,904,988,998
전북,익산시,60대,599,936,1082,896,633,760,778
전북,익산시,70대이상,257,455,584,372,264,335,322
전북,익산시,기타,355,419,876,369,172,77,69
전북,정읍시,합계,1433,2178,1438,1124,1238,1051,1124
전북,정읍시,20대이하,62,93,58,57,54,34,61
전북,정읍시,30대,237,284,196,133,195,149,144
전북,정읍시,40대,383,469,310,224,289,204,218
전북,정읍시,50대,353,418,380,321,334,294,282
전북,정읍시,60대,222,281,296,253,232,250,278
전북,정읍시,70대이상,93,151,158,107,108,99,116
전북,정읍시,기타,83,482,40,29,26,21,25
전북,남원시,합계,850,1133,1006,775,703,1141,745
전북,남원시,20대이하,45,42,44,33,20,23,30
전북,남원시,30대,124,178,117,78,101,147,98
전북,남원시,40대,219,281,227,167,127,261,140
전북,남원시,50대,210,269,288,233,205,310,233
전북,남원시,60대,144,213,198,169,153,253,167
전북,남원시,70대이상,56,110,85,66,75,118,64
전북,남원시,기타,52,40,47,29,22,29,13
전북,김제시,합계,995,1209,1134,784,693,768,738
전북,김제시,20대이하,40,46,42,31,29,34,24
전북,김제시,30대,151,195,140,78,58,91,82
전북,김제시,40대,227,261,261,140,127,140,123
전북,김제시,50대,245,287,286,199,181,204,199
전북,김제시,60대,164,234,254,199,189,205,188
전북,김제시,70대이상,84,87,109,97,89,78,93
전북,김제시,기타,84,99,42,40,20,16,29
전북,완주군,합계,1964,2118,2153,1260,1270,1878,1936
전북,완주군,20대이하,55,76,67,40,47,86,85
전북,완주군,30대,293,440,296,173,207,387,468
전북,완주군,40대,558,587,457,302,291,408,403
전북,완주군,50대,426,458,431,330,300,455,488
전북,완주군,60대,228,373,329,261,274,351,321
전북,완주군,70대이상,84,124,132,107,99,147,141
전북,완주군,기타,320,60,441,47,52,44,30
전북,진안군,합계,182,270,242,206,189,170,153
전북,진안군,20대이하,8,0,7,5,5,5,6
전북,진안군,30대,24,19,20,18,12,18,9
전북,진안군,40대,33,37,53,32,34,22,27
전북,진안군,50대,63,77,79,70,59,43,41
전북,진안군,60대,33,64,53,61,54,59,42
전북,진안군,70대이상,14,25,22,13,21,21,23
전북,진안군,기타,7,48,8,7,4,2,5
전북,무주군,합계,206,301,316,258,222,217,165
전북,무주군,20대이하,8,16,5,10,7,3,4
전북,무주군,30대,38,41,44,27,43,27,20
전북,무주군,40대,41,62,82,52,51,39,29
전북,무주군,50대,51,69,77,73,50,55,45
전북,무주군,60대,38,41,67,62,47,64,50
전북,무주군,70대이상,19,20,22,22,22,18,14
전북,무주군,기타,11,52,19,12,2,11,3
전북,장수군,합계,167,185,164,154,108,116,133
전북,장수군,20대이하,9,7,2,4,3,3,2
전북,장수군,30대,12,27,14,18,12,10,12
전북,장수군,40대,43,45,34,34,19,30,19
전북,장수군,50대,51,49,50,40,33,29,41
전북,장수군,60대,34,39,46,34,24,30,34
전북,장수군,70대이상,11,16,12,18,13,13,15
전북,장수군,기타,7,2,6,6,4,1,10
전북,임실군,합계,168,194,232,210,172,180,189
전북,임실군,20대이하,9,6,10,5,3,6,8
전북,임실군,30대,10,22,13,28,19,20,10
전북,임실군,40대,32,38,45,31,22,25,37
전북,임실군,50대,48,65,58,58,47,42,49
전북,임실군,60대,40,28,54,46,40,48,51
전북,임실군,70대이상,20,26,42,32,36,35,29
전북,임실군,기타,9,9,10,10,5,4,5
전북,순창군,합계,176,232,191,160,204,191,191
전북,순창군,20대이하,6,8,6,5,6,2,2
전북,순창군,30대,27,32,22,21,17,18,33
전북,순창군,40대,42,55,46,21,42,46,32
전북,순창군,50대,45,73,56,45,45,56,39
전북,순창군,60대,39,40,38,39,66,38,60
전북,순창군,70대이상,13,19,16,21,18,28,21
전북,순창군,기타,4,5,7,8,10,3,4
전북,고창군,합계,510,558,569,532,431,477,455
전북,고창군,20대이하,13,20,22,18,12,11,10
전북,고창군,30대,88,98,64,74,46,52,56
전북,고창군,40대,141,117,119,111,78,89,79
전북,고창군,50대,119,148,162,152,135,110,124
전북,고창군,60대,88,102,139,107,113,133,120
전북,고창군,70대이상,45,55,44,54,42,70,56
전북,고창군,기타,16,18,19,16,5,12,10
전북,부안군,합계,586,787,683,579,457,524,475
전북,부안군,20대이하,23,23,23,19,17,12,16
전북,부안군,30대,83,94,77,66,48,78,43
전북,부안군,40대,120,169,152,107,75,78,86
전북,부안군,50대,178,209,175,158,120,151,121
전북,부안군,60대,101,189,147,149,128,145,131
전북,부안군,70대이상,55,62,85,49,57,48,66
전북,부안군,기타,26,41,24,31,12,12,12
경북,,합계,34513,54138,54157,34594,32976,33826,32842
경북,,20대이하,1408,2321,2521,1493,1279,1168,1144
경북,,30대,6704,11117,9980,5821,6210,6393,6301
경북,,40대,8636,13845,13322,8174,7566,7601,6958
경북,,50대,8570,12473,12410,8685,8419,8603,8017
경북,,60대,5204,8250,9173,6363,6109,6515,6660
경북,,70대이상,1840,3211,3697,2450,2525,2508,2634
경북,,기타,2151,2921,3054,1608,868,1038,1128
경북,포항시,합계,7239,14086,12294,7794,7436,7350,6526
경북,포항시,20대이하,304,643,593,372,329,289,237
경북,포항시,30대,1490,3285,2306,1383,1424,1379,1264
경북,포항시,40대,1899,3807,3062,1860,1750,1770,1435
경북,포항시,50대,1599,2936,2500,1847,1869,1807,1497
경북,포항시,60대,1006,1969,1923,1323,1284,1345,1345
경북,포항시,70대이상,304,672,774,530,498,557,549
경북,포항시,기타,637,774,1136,479,282,203,199
경북,남구,합계,3356,5287,4377,3346,3330,3370,2897
경북,남구,20대이하,127,250,200,163,147,133,99
경북,남구,30대,681,1219,758,536,597,632,487
경북,남구,40대,934,1447,1103,787,841,876,646
경북,남구,50대,705,1150,977,841,869,812,681
경북,남구,60대,430,709,764,621,597,593,587
경북,남구,70대이상,127,249,324,249,217,244,238
경북,남구,기타,352,263,251,149,62,80,159
경북,북구,합계,3883,8799,7917,4448,4106,3980,3629
경북,북구,20대이하,177,393,393,209,182,156,138
경북,북구,30대,809,2066,1548,847,827,747,777
경북,북구,40대,965,2360,1959,1073,909,894,789
경북,북구,50대,894,1786,1523,1006,1000,995,816
경북,북구,60대,576,1260,1159,702,687,752,758
경북,북구,70대이상,177,423,450,281,281,313,311
경북,북구,기타,285,511,885,330,220,123,40
경북,경주시,합계,2922,5017,4535,3225,3150,3265,3375
경북,경주시,20대이하,130,212,181,138,119,131,100
경북,경주시,30대,577,962,754,468,504,529,572
경북,경주시,40대,745,1190,1104,726,713,661,621
경북,경주시,50대,774,1174,1206,885,863,906,882
경북,경주시,60대,418,713,819,674,647,678,705
경북,경주시,70대이상,153,239,308,228,240,267,285
경북,경주시,기타,125,527,163,106,64,93,210
경북,김천시,합계,1717,2786,3403,1831,1921,1992,1947
경북,김천시,20대이하,73,107,125,77,90,71,68
경북,김천시,30대,284,499,719,325,432,390,452
경북,김천시,40대,406,682,898,424,437,417,389
경북,김천시,50대,452,744,733,442,438,504,440
경북,김천시,60대,297,414,555,353,354,404,380
경북,김천시,70대이상,95,210,251,130,119,170,171
경북,김천시,기타,110,130,122,80,51,36,47
경북,안동시,합계,2111,2755,3244,1836,1822,2086,2212
경북,안동시,20대이하,92,126,144,101,70,80,88
경북,안동시,30대,415,504,547,274,307,397,366
경북,안동시,40대,544,666,836,435,398,424,449
경북,안동시,50대,519,676,796,474,460,534,525
경북,안동시,60대,336,416,548,342,358,405,433
경북,안동시,70대이상,136,220,249,135,137,182,201
경북,안동시,기타,69,147,124,75,92,64,150
경북,구미시,합계,6149,11145,11001,6748,6485,6343,6505
경북,구미시,20대이하,277,525,653,309,279,218,277
경북,구미시,30대,1683,2917,2607,1456,1632,1611,1728
경북,구미시,40대,1723,3193,2962,1910,1685,1704,1694
경북,구미시,50대,1368,2117,2097,1507,1463,1498,1495
경북,구미시,60대,637,1153,1310,876,807,954,947
경북,구미시,70대이상,160,396,480,292,519,252,287
경북,구미시,기타,301,844,892,398,100,106,77
경북,영주시,합계,1321,1449,1614,1456,1312,1356,1261
경북,영주시,20대이하,62,65,65,52,43,31,37
경북,영주시,30대,222,253,209,200,202,196,189
경북,영주시,40대,314,313,354,352,291,287,223
경북,영주시,50대,341,365,406,379,351,372,338
경북,영주시,60대,260,280,377,298,275,299,297
경북,영주시,70대이상,94,139,167,135,133,157,160
경북,영주시,기타,28,34,36,40,17,14,17
경북,영천시,합계,1082,1558,2079,1586,1338,1349,1361
경북,영천시,20대이하,45,51,75,45,25,38,33
경북,영천시,30대,136,188,255,182,151,194,200
경북,영천시,40대,228,342,402,289,247,260,243
경북,영천시,50대,317,435,575,442,386,364,341
경북,영천시,60대,245,349,530,418,340,310,338
경북,영천시,70대이상,85,149,195,154,151,158,158
경북,영천시,기타,26,44,47,56,38,25,48
경북,상주시,합계,921,1292,1385,1029,942,950,862
경북,상주시,20대이하,26,40,55,49,20,46,22
경북,상주시,30대,153,203,209,153,152,155,115
경북,상주시,40대,211,268,273,194,183,183,156
경북,상주시,50대,249,389,361,283,262,246,254
경북,상주시,60대,182,248,312,235,228,238,229
경북,상주시,70대이상,82,121,128,91,76,75,76
경북,상주시,기타,18,23,47,24,21,7,10
경북,문경시,합계,784,857,1038,753,702,807,716
경북,문경시,20대이하,15,35,42,25,21,22,24
경북,문경시,30대,94,106,148,93,96,104,90
경북,문경시,40대,191,213,230,162,148,172,117
경북,문경시,50대,210,234,249,198,170,199,197
경북,문경시,60대,153,169,228,161,183,175,165
경북,문경시,70대이상,60,68,106,70,49,86,71
경북,문경시,기타,61,32,35,44,35,49,52
경북,경산시,합계,4230,5795,5338,2800,2847,3368,3251
경북,경산시,20대이하,166,236,279,140,121,112,124
경북,경산시,30대,793,1130,943,484,572,724,714
경북,경산시,40대,1012,1502,1299,607,653,680,661
경북,경산시,50대,1024,1414,1318,733,754,826,780
경북,경산시,60대,571,996,865,483,513,506,599
경북,경산시,70대이상,268,439,445,219,205,213,246
경북,경산시,기타,396,78,189,134,29,307,127
경북,(구)군위군,합계,195,258,192,100,49,0,0
경북,(구)군위군,20대이하,4,7,7,4,2,0,0
경북,(구)군위군,30대,24,21,23,12,4,0,0
경북,(구)군위군,40대,35,53,40,15,5,0,0
경북,(구)군위군,50대,53,86,48,26,14,0,0
경북,(구)군위군,60대,44,61,50,36,18,0,0
경북,(구)군위군,70대이상,26,20,17,6,4,0,0
경북,(구)군위군,기타,9,10,7,1,2,0,0
경북,의성군,합계,499,503,448,407,336,304,359
경북,의성군,20대이하,10,15,19,14,11,6,5
경북,의성군,30대,52,65,48,44,32,28,30
경북,의성군,40대,78,91,83,69,54,32,54
경북,의성군,50대,145,119,124,99,90,81,97
경북,의성군,60대,97,150,106,123,99,110,116
경북,의성군,70대이상,58,40,50,45,40,44,51
경북,의성군,기타,59,23,18,13,10,3,6
경북,청송군,합계,200,256,278,248,189,191,200
경북,청송군,20대이하,6,5,6,4,2,4,4
경북,청송군,30대,29,24,30,38,21,21,19
경북,청송군,40대,40,58,51,33,32,33,34
경북,청송군,50대,56,81,89,73,52,54,58
경북,청송군,60대,35,59,67,60,54,55,63
경북,청송군,70대이상,20,21,26,28,26,21,19
경북,청송군,기타,14,8,9,12,2,3,3
경북,영양군,합계,162,178,130,147,106,118,108
경북,영양군,20대이하,7,4,3,7,2,2,3
경북,영양군,30대,27,17,14,28,11,13,5
경북,영양군,40대,36,43,26,28,20,22,20
경북,영양군,50대,41,54,41,36,30,32,29
경북,영양군,60대,32,40,28,30,29,32,34
경북,영양군,70대이상,9,15,9,14,10,14,13
경북,영양군,기타,10,5,9,4,4,3,4
경북,영덕군,합계,413,472,475,408,337,327,354
경북,영덕군,20대이하,17,15,17,14,7,10,7
경북,영덕군,30대,36,56,62,40,44,29,24
경북,영덕군,40대,100,95,97,93,88,63,63
경북,영덕군,50대,124,136,131,108,77,95,118
경북,영덕군,60대,83,98,111,100,75,94,100
경북,영덕군,70대이상,40,57,45,38,30,28,34
경북,영덕군,기타,13,15,12,15,16,8,8
경북,청도군,합계,505,653,749,507,468,418,382
경북,청도군,20대이하,8,22,18,13,17,13,9
경북,청도군,30대,56,61,83,60,52,31,34
경북,청도군,40대,123,113,140,94,68,84,67
경북,청도군,50대,152,188,243,155,137,124,98
경북,청도군,60대,115,183,194,120,134,110,116
경북,청도군,70대이상,35,61,52,38,46,41,40
경북,청도군,기타,16,25,19,27,14,15,18
경북,고령군,합계,293,393,358,259,210,215,191
경북,고령군,20대이하,8,14,11,6,8,4,2
경북,고령군,30대,34,48,25,34,22,24,15
경북,고령군,40대,58,86,84,45,40,30,35
경북,고령군,50대,104,107,106,76,66,61,54
경북,고령군,60대,58,86,99,58,51,73,61
경북,고령군,70대이상,17,39,31,29,18,21,22
경북,고령군,기타,14,13,2,11,5,2,2
경북,성주군,합계,455,489,426,281,272,267,249
경북,성주군,20대이하,16,17,17,4,5,3,4
경북,성주군,30대,50,54,35,28,32,25,27
경북,성주군,40대,89,91,83,48,44,56,40
경북,성주군,50대,167,154,112,84,91,74,66
경북,성주군,60대,89,111,115,75,66,69,70
경북,성주군,70대이상,28,40,55,30,21,28,27
경북,성주군,기타,16,22,9,12,13,12,15
경북,칠곡군,합계,1615,2206,2803,1756,1515,1520,1367
경북,칠곡군,20대이하,75,91,112,57,49,41,41
경북,칠곡군,30대,308,408,512,317,244,245,188
경북,칠곡군,40대,450,597,787,514,403,406,343
경북,칠곡군,50대,439,572,736,461,458,453,399
경북,칠곡군,60대,239,355,444,273,238,281,273
경북,칠곡군,70대이상,68,119,132,88,84,69,77
경북,칠곡군,기타,36,64,80,46,39,25,46
경북,예천군,합계,517,716,1211,559,683,689,698
경북,예천군,20대이하,21,29,72,25,36,21,31
경북,예천군,30대,79,153,299,106,172,202,176
경북,예천군,40대,97,151,272,102,142,149,146
경북,예천군,50대,122,155,240,134,137,123,138
경북,예천군,60대,82,132,226,124,129,136,157
경북,예천군,70대이상,30,70,84,62,56,48,50
경북,예천군,기타,86,26,18,6,11,10,0
경북,봉화군,합계,397,335,376,286,292,251,246
경북,봉화군,20대이하,5,12,7,9,7,5,4
경북,봉화군,30대,54,33,36,18,27,16,5
경북,봉화군,40대,78,61,63,45,50,45,37
경북,봉화군,50대,111,97,96,90,83,70,59
경북,봉화군,60대,99,91,108,92,92,73,87
경북,봉화군,70대이상,41,30,57,27,27,30,46
경북,봉화군,기타,9,11,9,5,6,12,8
경북,울진군,합계,712,865,713,505,506,620,635
경북,울진군,20대이하,37,45,18,27,14,19,22
경북,울진군,30대,101,113,106,69,70,77,82
경북,울진군,40대,171,215,159,111,100,117,123
경북,울진군,50대,181,226,189,134,149,167,142
경북,울진군,60대,109,164,143,92,127,157,137
경북,울진군,70대이상,22,40,31,53,31,45,48
경북,울진군,기타,91,62,67,19,15,38,81
경북,울릉군,합계,74,74,67,73,58,40,37
경북,울릉군,20대이하,4,5,2,1,2,2,2
경북,울릉군,30대,7,17,10,9,7,3,6
경북,울릉군,40대,8,15,17,18,15,6,8
경북,울릉군,50대,22,14,14,19,19,13,10
경북,울릉군,60대,17,13,15,17,8,11,8
경북,울릉군,70대이상,9,6,5,8,5,2,3
경북,울릉군,기타,7,4,4,1,2,3,0
경남,,합계,43123,70161,72616,42321,38260,40889,44238
경남,,20대이하,1841,3022,3476,1932,1631,1511,1464
경남,,30대,9398,15556,14470,7710,8117,8823,9582
경남,,40대,11951,18874,18013,10213,9350,10011,10719
경남,,50대,10126,15585,15725,10066,9469,10005,10965
경남,,60대,5382,9374,10895,7102,6571,7155,7558
경남,,70대이상,1964,3571,4365,2741,2299,2599,2964
경남,,기타,2461,4179,5672,2557,823,785,986
경남,창원시,합계,13301,24490,20618,12217,11679,11897,13415
경남,창원시,20대이하,556,1118,1105,624,477,450,447
경남,창원시,30대,3106,5909,4382,2500,2781,2925,3170
경남,창원시,40대,4002,6788,5092,2944,3040,3095,3470
경남,창원시,50대,2995,5253,4239,2679,2745,2790,3128
경남,창원시,60대,1435,2951,3002,1845,1865,1845,2140
경남,창원시,70대이상,482,1054,1292,816,623,672,863
경남,창원시,기타,725,1417,1506,809,148,120,197
경남,의창구,합계,2703,5264,2793,1794,1919,2060,2148
경남,의창구,20대이하,124,206,151,83,73,74,59
경남,의창구,30대,600,1380,614,352,450,519,534
경남,의창구,40대,786,1333,670,429,472,509,512
경남,의창구,50대,738,1161,644,479,507,507,515
경남,의창구,60대,264,629,477,308,315,332,372
경남,의창구,70대이상,84,160,157,106,76,102,129
경남,의창구,기타,107,395,80,37,26,17,27
경남,성산구,합계,4488,7599,5233,2951,3596,3292,4578
경남,성산구,20대이하,211,418,358,199,178,166,173
경남,성산구,30대,1155,1981,1374,749,1098,993,1345
경남,성산구,40대,1479,2039,1227,668,1005,893,1267
경남,성산구,50대,898,1601,954,550,735,695,1009
경남,성산구,60대,360,723,571,306,427,403,579
경남,성산구,70대이상,89,288,193,105,115,120,164
경남,성산구,기타,296,549,556,374,38,22,41
경남,마산합포구,합계,1610,3134,4702,2359,2100,2284,2230
경남,마산합포구,20대이하,56,111,214,102,67,67,68
경남,마산합포구,30대,357,647,863,401,420,522,469
경남,마산합포구,40대,397,882,1207,534,557,565,577
경남,마산합포구,50대,373,711,974,549,464,516,505
경남,마산합포구,60대,261,489,755,402,388,411,383
경남,마산합포구,70대이상,113,213,400,215,184,175,215
경남,마산합포구,기타,53,81,289,156,20,28,13
경남,마산회원구,합계,2265,4206,3837,2239,1974,2078,2133
경남,마산회원구,20대이하,82,194,168,98,76,65,60
경남,마산회원구,30대,514,913,690,423,425,459,456
경남,마산회원구,40대,631,1263,908,570,463,529,514
경남,마산회원구,50대,499,854,779,483,497,500,518
경남,마산회원구,60대,262,536,592,360,355,350,400
경남,마산회원구,70대이상,90,204,258,190,129,149,143
경남,마산회원구,기타,187,242,442,115,29,26,42
경남,진해구,합계,2235,4287,4053,2874,2090,2183,2326
경남,진해구,20대이하,83,189,214,142,83,78,87
경남,진해구,30대,480,988,841,575,388,432,366
경남,진해구,40대,709,1271,1080,743,543,599,600
경남,진해구,50대,487,926,888,618,542,572,581
경남,진해구,60대,288,574,607,469,380,349,406
경남,진해구,70대이상,106,189,284,200,119,126,212
경남,진해구,기타,82,150,139,127,35,27,74
경남,진주시,합계,4576,7314,8047,4709,4404,5528,5928
경남,진주시,20대이하,166,295,418,203,218,195,195
경남,진주시,30대,1080,1829,1877,974,1083,1443,1606
경남,진주시,40대,1199,2048,2109,1180,1057,1346,1403
경남,진주시,50대,1020,1676,1784,1154,1009,1284,1435
경남,진주시,60대,584,874,1213,761,684,855,859
경남,진주시,70대이상,230,351,443,289,272,353,360
경남,진주시,기타,297,241,203,148,81,52,70
경남,통영시,합계,1723,2134,2371,1710,1381,1374,1302
경남,통영시,20대이하,67,99,99,58,36,49,38
경남,통영시,30대,342,418,444,277,212,200,187
경남,통영시,40대,456,611,621,409,349,357,296
경남,통영시,50대,420,473,563,457,374,346,367
경남,통영시,60대,272,328,438,330,282,276,280
경남,통영시,70대이상,95,126,180,130,96,108,116
경남,통영시,기타,71,79,26,49,32,38,18
경남,사천시,합계,1328,1644,2398,1977,1330,1562,1711
경남,사천시,20대이하,61,75,111,80,52,47,56
경남,사천시,30대,209,280,355,327,210,261,252
경남,사천시,40대,340,457,622,543,318,364,349
경남,사천시,50대,324,408,584,458,359,410,406
경남,사천시,60대,193,239,364,304,260,305,292
경남,사천시,70대이상,92,125,151,121,102,119,122
경남,사천시,기타,109,60,211,144,29,56,234
경남,김해시,합계,7718,12578,13427,6917,7094,7101,8273
경남,김해시,20대이하,350,551,622,365,360,300,299
경남,김해시,30대,1734,2678,2849,1385,1705,1725,1946
경남,김해시,40대,2293,3377,3558,1716,1871,1858,2112
경남,김해시,50대,1902,2618,2810,1588,1749,1745,2122
경남,김해시,60대,805,1405,1621,1003,972,1059,1271
경남,김해시,70대이상,287,544,648,377,360,315,413
경남,김해시,기타,347,1405,1319,483,77,99,110
경남,밀양시,합계,1103,1643,2174,1823,1497,1719,1365
경남,밀양시,20대이하,44,58,74,55,47,47,32
경남,밀양시,30대,128,210,293,248,203,222,214
경남,밀양시,40대,236,337,450,381,288,357,234
경남,밀양시,50대,337,462,621,525,404,420,359
경남,밀양시,60대,228,371,496,424,351,442,346
경남,밀양시,70대이상,85,129,185,142,118,164,128
경남,밀양시,기타,45,76,55,48,86,67,52
경남,거제시,합계,3418,4392,7446,3262,2322,2773,2996
경남,거제시,20대이하,161,193,295,138,115,115,114
경남,거제시,30대,934,1060,1299,534,390,436,500
경남,거제시,40대,879,1245,1681,890,575,701,760
경남,거제시,50대,654,912,1235,707,657,753,868
경남,거제시,60대,330,492,747,436,420,502,485
경남,거제시,70대이상,93,155,256,135,113,136,191
경남,거제시,기타,367,335,1933,422,52,130,78
경남,양산시,합계,5199,9889,9835,4533,4373,4750,5215
경남,양산시,20대이하,241,434,510,237,193,195,181
경남,양산시,30대,1170,2285,2182,881,1053,1151,1291
경남,양산시,40대,1437,2714,2604,1054,1040,1120,1310
경남,양산시,50대,1185,2078,2107,1068,996,1096,1194
경남,양산시,60대,652,1476,1537,736,688,789,795
경남,양산시,70대이상,276,622,702,306,258,308,352
경남,양산시,기타,238,280,193,251,145,91,92
경남,의령군,합계,287,318,318,316,175,219,205
경남,의령군,20대이하,5,4,11,10,4,3,5
경남,의령군,30대,22,35,31,36,13,21,18
경남,의령군,40대,37,55,60,71,28,40,39
경남,의령군,50대,65,93,83,82,57,64,57
경남,의령군,60대,44,72,96,76,56,65,61
경남,의령군,70대이상,17,30,33,31,13,17,23
경남,의령군,기타,97,29,4,10,4,9,2
경남,함안군,합계,601,968,1001,832,725,674,663
경남,함안군,20대이하,19,37,40,39,27,19,15
경남,함안군,30대,113,175,155,132,106,99,78
경남,함안군,40대,165,230,233,174,149,160,176
경남,함안군,50대,145,256,253,213,221,171,155
경남,함안군,60대,112,171,200,180,137,143,167
경남,함안군,70대이상,24,72,63,53,50,52,47
경남,함안군,기타,23,27,57,41,35,30,25
경남,창녕군,합계,591,759,853,733,567,558,548
경남,창녕군,20대이하,24,27,33,16,16,12,10
경남,창녕군,30대,79,115,108,80,70,54,42
경남,창녕군,40대,152,145,168,163,125,81,98
경남,창녕군,50대,142,207,248,223,146,165,144
경남,창녕군,60대,141,181,216,174,152,164,167
경남,창녕군,70대이상,44,72,60,62,39,67,68
경남,창녕군,기타,9,12,20,15,19,15,19
경남,고성군,합계,485,610,723,635,506,459,495
경남,고성군,20대이하,16,17,30,19,11,10,13
경남,고성군,30대,58,87,87,58,44,47,53
경남,고성군,40대,113,165,137,151,99,90,81
경남,고성군,50대,145,178,200,173,144,121,138
경남,고성군,60대,108,109,190,153,135,112,132
경남,고성군,70대이상,33,39,64,62,61,63,48
경남,고성군,기타,12,15,15,19,12,16,30
경남,남해군,합계,495,724,603,522,407,360,373
경남,남해군,20대이하,24,20,16,15,15,12,15
경남,남해군,30대,71,106,64,48,55,40,30
경남,남해군,40대,121,127,131,111,70,60,74
경남,남해군,50대,146,210,178,151,116,122,116
경남,남해군,60대,86,129,144,124,104,82,93
경남,남해군,70대이상,22,39,51,23,30,32,32
경남,남해군,기타,25,93,19,50,17,12,13
경남,하동군,합계,346,471,471,415,352,342,314
경남,하동군,20대이하,14,11,10,11,6,8,4
경남,하동군,30대,36,50,70,39,31,25,25
경남,하동군,40대,68,89,86,63,59,67,55
경남,하동군,50대,113,127,149,132,115,115,97
경남,하동군,60대,74,113,110,122,106,85,90
경남,하동군,70대이상,29,42,37,39,28,35,37
경남,하동군,기타,12,39,9,9,7,7,6
경남,산청군,합계,311,436,430,308,261,290,241
경남,산청군,20대이하,10,12,16,10,6,5,3
경남,산청군,30대,44,44,27,21,14,18,18
경남,산청군,40대,75,93,71,64,52,39,28
경남,산청군,50대,81,125,140,92,73,86,63
경남,산청군,60대,58,115,115,81,85,95,87
경남,산청군,70대이상,26,25,40,29,20,31,29
경남,산청군,기타,17,22,21,11,11,16,13
경남,함양군,합계,348,416,453,360,296,314,292
경남,함양군,20대이하,14,13,13,16,11,10,9
경남,함양군,30대,65,65,56,30,29,31,21
경남,함양군,40대,70,95,86,67,59,71,50
경남,함양군,50대,100,127,132,87,85,66,82
경남,함양군,60대,49,79,99,107,69,90,81
경남,함양군,70대이상,35,28,43,36,39,40,43
경남,함양군,기타,15,9,24,17,4,6,6
경남,거창군,합계,851,905,967,658,577,648,617
경남,거창군,20대이하,52,36,53,17,24,23,15
경남,거창군,30대,146,162,135,99,68,96,98
경남,거창군,40대,211,198,218,157,124,147,141
경남,거창군,50대,221,243,254,167,142,163,163
경남,거창군,60대,135,164,185,142,108,149,129
경남,거창군,70대이상,59,69,80,57,53,55,61
경남,거창군,기타,27,33,42,19,58,15,10
경남,합천군,합계,442,470,481,394,314,321,285
경남,합천군,20대이하,17,22,20,19,13,11,13
경남,합천군,30대,61,48,56,41,50,29,33
경남,합천군,40대,97,100,86,75,47,58,43
경남,합천군,50대,131,139,145,110,77,88,71
경남,합천군,60대,76,105,122,104,97,97,83
경남,합천군,70대이상,35,49,37,33,24,32,31
경남,합천군,기타,25,7,15,12,6,6,11
제주,,합계,7993,10409,12060,8430,6692,6479,7161
제주,,20대이하,333,413,517,355,285,241,211
제주,,30대,1511,2162,2487,1681,1464,1513,1579
제주,,40대,2179,2729,3645,2367,1739,1602,1765
제주,,50대,1860,2352,2665,1974,1589,1485,1614
제주,,60대,932,1185,1467,1170,935,965,1061
제주,,70대이상,274,404,546,387,301,308,364
제주,,기타,904,1164,733,496,379,365,567
제주,제주시,합계,6056,7467,8394,5796,4539,4594,5110
제주,제주시,20대이하,259,303,374,253,200,167,166
제주,제주시,30대,1242,1723,1896,1237,1079,1175,1253
제주,제주시,40대,1679,2012,2559,1613,1188,1141,1311
제주,제주시,50대,1366,1662,1819,1338,1056,1044,1193
제주,제주시,60대,669,805,982,777,610,652,755
제주,제주시,70대이상,198,256,341,240,181,202,232
제주,제주시,기타,643,706,423,338,225,213,200
제주,서귀포시,합계,1937,2942,3666,2634,2153,1885,2051
제주,서귀포시,20대이하,74,110,143,102,85,74,45
제주,서귀포시,30대,269,439,591,444,385,338,326
제주,서귀포시,40대,500,717,1086,754,551,461,454
제주,서귀포시,50대,494,690,846,636,533,441,421
제주,서귀포시,60대,263,380,485,393,325,313,306
제주,서귀포시,70대이상,76,148,205,147,120,106,132
제주,서귀포시,기타,261,458,310,158,154,152,367
